admin3Pcod,admin3Name,admin2Pcod,admin1Pcod,admin0Pcod,area,agg_level,agg_title,year,flood_pop,flood_pop_s,wrsi_75,wrsi_90,wrsi_75_long,wrsi_90_long,pop_wp,pop_dens_wp,city_mtr,conf_count,conf_pop_buffer,conf_share,pov_2021_22_std,number_poor_2021_22_std,ipc_p_2019_2023_std,pti_need,pti_access
NER001001001,Aderbissinat,NER001001,NER001,NE,51332.55400592949,admin3,Commune,NA,-0.2920050794850644,0.23311150747453455,NA,-0.13736667687737403,-0.26333589651341377,-0.587734612428191,-0.7948115658605265,-0.2934869306062935,8.077463237896219e-4,-0.11666786564039211,NA,NA,-1.2678732437842424,-1.2326649208662268,-0.38334379324789464,-0.991687870710895,-0.08628082370871427
NER001002001,Arlit,NER001002,NER001,NE,1246.8218942479323,admin3,Commune,NA,-0.7264634223580243,-0.8680571558797344,NA,NA,NA,-0.587734612428191,0.27573464181382346,0.6952061437338696,-1.0828558188609465,0.22597498265993923,NA,NA,-1.2678732437842424,-1.2326649208662268,0.13239745382940443,-1.267486949709868,0.7539140185202656
NER001002002,Dannet,NER001002,NER001,NE,12673.27941935485,admin3,Commune,NA,-0.8283543369856317,-0.6593167574897043,NA,NA,NA,-0.587734612428191,-1.285466168874242,-0.21687086937520003,-0.2521723687899367,-0.36141275728348593,NA,NA,-1.2678732437842424,-1.2326649208662268,0.13239745382940443,-1.169147842204503,0.1927008236897822
NER001002003,Gougaram,NER001002,NER001,NE,47277.77059238689,admin3,Commune,NA,-0.7204532454018449,0.26774919022350313,NA,NA,NA,-0.587734612428191,-1.397006798825214,-0.48628602004734733,0.04150796020670261,-0.2635148006262484,NA,NA,-1.2678732437842424,-1.2326649208662268,0.13239745382940443,-0.7324003865136904,-0.1283715287224399
NER001003001,Bilma,NER001003,NER001,NE,41407.78280536454,admin3,Commune,NA,-0.9046613744299946,-1.0309189846622604,NA,NA,NA,-0.587734612428191,-1.539875408934168,-0.9075796943104706,4.651518379390877,-0.31246377895486716,NA,NA,-1.2678732437842424,-1.2326649208662268,0.1878118679849534,-1.318106201851146,-2.5485112599968636
NER001003002,Dirkou,NER001003,NER001,NE,45273.661336708974,admin3,Commune,NA,-0.9046613744299946,-1.0309189846622604,NA,NA,NA,-0.587734612428191,-1.3946055381097135,-0.6401060191810242,4.8933927237476444,-0.31246377895486716,NA,NA,-1.2678732437842424,-1.2326649208662268,0.1878118679849534,-1.318106201851146,-2.5360765868221233
NER001003003,Djado,NER001003,NER001,NE,156619.3670018225,admin3,Commune,NA,-0.9046613744299946,-1.0309189846622604,NA,NA,NA,-0.587734612428191,-1.6250323565896083,-1.167716722227579,7.963961660894213,0.274923960988558,NA,NA,-1.2678732437842424,-1.2326649208662268,0.1878118679849534,-1.318106201851146,-4.56918295530573
NER001003004,Fachi,NER001003,NER001,NE,35570.8135218601,admin3,Commune,NA,-0.9046613744299946,-1.0309189846622604,NA,NA,NA,-0.587734612428191,-1.5927602480858787,-0.7398110217715389,3.202702309005792,-0.36141275728348593,NA,NA,-1.2678732437842424,-1.2326649208662268,0.1878118679849534,-1.318106201851146,-1.7394913809542132
NER001004001,Iferouane,NER001004,NER001,NE,120212.95836745873,admin3,Commune,NA,-0.7033413959055805,0.04333320626247225,NA,NA,NA,-0.587734612428191,-1.3169797317916299,-0.9648576934748476,1.1008685968650735,0.1280770260027017,NA,NA,-1.2678732437842424,-1.2326649208662268,0.23724851864374918,-0.788728282448174,-1.06562267156983
NER001004002,Timia,NER001004,NER001,NE,19290.99438951737,admin3,Commune,NA,-0.8291290096241154,-0.7422789705536357,NA,NA,NA,-0.587734612428191,-1.1865099441469484,-0.835522027982508,0.6495790742529475,-0.36141275728348593,NA,NA,-1.2678732437842424,-1.2326649208662268,0.23724851864374918,-1.158835846241791,-0.5458227577829894
NER001005001,Ingall,NER001005,NER001,NE,61278.42647643998,admin3,Commune,NA,-0.42753692407821176,-0.36135495181813704,NA,-0.13736667687737403,-0.26333589651341377,-0.587734612428191,-0.3944996220230574,-0.652544995758729,0.09339193693832466,0.42177089597441425,NA,NA,-1.2678732437842424,-1.2326649208662268,-0.26609866184531933,-1.2165102808873367,-0.5672048750825928
NER001006001,Agadez,NER001006,NER001,NE,409.7337716332603,admin3,Commune,NA,2.1490739669555734,0.8508930777249176,NA,-0.13736667687737403,-0.26333589651341377,-0.587734612428191,1.204207457246788,0.5769983415891337,-1.0910317256859603,0.470719874303033,NA,NA,-1.2678732437842424,-1.2326649208662268,-0.47490488175672346,-0.7437816056820392,0.5815839902456471
NER001006002,Dabaga,NER001006,NER001,NE,3229.8707235675356,admin3,Commune,NA,-0.5930444801009718,-0.08240881155629505,NA,NA,NA,-0.587734612428191,-1.069089937452896,-0.7874431075137931,-0.5244431691204849,-0.36141275728348593,NA,NA,-1.2678732437842424,-1.2326649208662268,-0.47490488175672346,-1.1834668584307428,0.04780325118539047
NER001006003,Tabelot,NER001006,NER001,NE,18251.646204980156,admin3,Commune,NA,-0.6296313591739922,-0.5171110110060746,NA,NA,NA,-0.587734612428191,-0.7059455169081537,-0.9874171651032051,0.5089932576384306,-0.11666786564039211,NA,NA,-1.2678732437842424,-1.2326649208662268,-0.47490488175672346,-1.38825820047195,-0.670199073373627
NER001006004,Tchirozerine,NER001006,NER001,NE,9052.64552352978,admin3,Commune,NA,-0.33736419349918884,-0.38033515196837026,NA,-0.13736667687737403,-0.26333589651341377,-0.587734612428191,-0.11452986845535416,-0.6031924290305866,-0.705678020950832,-0.01876990898315458,NA,NA,-1.2678732437842424,-1.2326649208662268,-0.47490488175672346,-1.3238221065975124,0.05889890395034798
NER002001001,Bosso,NER002001,NER002,NE,1719.878620042015,admin3,Commune,NA,3.7001783183486157,4.135856199377425,NA,-0.13736667687737403,-0.26333589651341377,1.5686434138600687,-0.0807018771227383,0.45823998552891354,2.0564048552882914,5.512464642150765,NA,NA,0.5985339740644776,-0.9342763742137826,2.5791491073250836,4.1377382322800065,-3.4539322466050857
NER002001002,Toumour,NER002001,NER002,NE,70.42288490788746,admin3,Commune,NA,0.17612968237747925,5.703696308930074,NA,-0.13736667687737403,3.7619413787630536,1.5686434138600687,-1.3642674922867617,1.2816150560216282,1.9623855635535086,1.6454953541898836,NA,NA,0.5985339740644776,-0.9342763742137826,2.5791491073250836,4.8763590180678955,-1.1299653090516557
NER002002001,Chetimari,NER002002,NER002,NE,2480.114504592603,admin3,Commune,NA,-0.14259848494391666,-0.183032717149936,NA,-0.13736667687737403,-0.26333589651341377,2.6468324270041985,-0.06745966756550069,-0.9307523090201024,1.3980091400250008,4.239791205606678,NA,NA,0.5985339740644776,-0.9342763742137826,1.4586245981765669,2.0831339502778974,-3.190622685294523
NER002002002,Diffa,NER002002,NER002,NE,356.4449475257635,admin3,Commune,NA,0.01942333229515672,0.1617278060498754,NA,-0.13736667687737403,-0.26333589651341377,1.5686434138600687,-0.2851957751011628,0.08800978312588448,1.4336938445338032,3.016066747391209,NA,NA,0.5985339740644776,-0.9342763742137826,1.4586245981765669,1.7376104978153448,-2.1186860804564867
NER002002003,Gueskérou,NER002002,NER002,NE,2543.978587437774,admin3,Commune,NA,0.759766290865206,2.172247557579044,NA,-0.13736667687737403,-0.26333589651341377,1.5686434138600687,-0.7334492223709252,-0.7435949262231513,1.6380154047431938,6.834087057023472,NA,NA,0.5985339740644776,-0.9342763742137826,1.4586245981765669,2.6847808563669355,-4.476452377390371
NER002003001,Goudoumaria,NER002003,NER002,NE,7890.900605872194,admin3,Commune,NA,0.12447394042619639,-0.28534952315816975,NA,-0.13736667687737403,-0.26333589651341377,1.5686434138600687,0.7783849781331937,-0.8417275851344587,0.7192763747922656,-0.36141275728348593,NA,NA,0.5985339740644776,-0.9342763742137826,0.2716904751362879,0.96781591513278,-0.5826919727168054
NER002004001,Foulatari,NER002004,NER002,NE,628.4986525703364,admin3,Commune,NA,-0.7652709402335854,-0.7022521204040411,NA,-0.13736667687737403,-0.26333589651341377,0.49045440071593877,-0.9012127735684112,-0.07846389938279728,2.4152468191715792,-0.36141275728348593,NA,NA,0.5985339740644776,-0.9342763742137826,0.3233833273789796,0.2878203476943203,-1.0357469300668694
NER002004002,Maïné Soroa,NER002004,NER002,NE,3448.8421862070254,admin3,Commune,NA,-0.35831082020181115,-0.5253853569076119,NA,-0.13736667687737403,-0.26333589651341377,1.5686434138600687,0.25215172685060944,-0.7955223016287497,1.1779243171939058,0.5686178309602705,NA,NA,0.5985339740644776,-0.9342763742137826,0.3233833273789796,0.8790861778652194,-1.234787772495693
NER002004003,N'Guelbely,NER002004,NER002,NE,3470.007083721672,admin3,Commune,NA,-0.7652818606258139,-0.5684734641815895,NA,-0.13736667687737403,-0.26333589651341377,1.5686434138600687,-1.1167546274573599,-0.8767889109356465,2.498075120091004,-0.31246377895486716,NA,NA,0.5985339740644776,-0.9342763742137826,0.3233833273789796,0.8587870596969138,-1.4875367876958714
NER002005001,N'Gourti,NER002005,NER002,NE,114071.66101607376,admin3,Commune,NA,-0.7701324143653566,-0.8415041644255418,NA,-0.13736667687737403,-0.26333589651341377,1.5686434138600687,-0.39863635821054744,-0.8402253874696299,3.2537373493964195,-0.2635148006262484,NA,NA,0.5985339740644776,-0.9342763742137826,-0.31221362024593113,0.430726020074069,-1.860609897303807
NER002006001,Kablewa,NER002006,NER002,NE,6667.686414722791,admin3,Commune,NA,-0.3722358777769945,0.45129866634329197,NA,-0.13736667687737403,-0.26333589651341377,0.49045440071593877,-1.0152084733033122,-0.8766545317082658,2.071186280246736,0.7154647659461268,NA,NA,0.5985339740644776,-0.9342763742137826,1.8371474946422168,1.5444116641629457,-1.7794218139881735
NER002006002,N'Guigmi,NER002006,NER002,NE,3148.0228883589707,admin3,Commune,NA,0.7826418927701813,1.569820580115455,NA,-0.13736667687737403,-0.26333589651341377,-0.587734612428191,-0.5065835923235283,-0.3305746743894687,2.197245516017257,6.491444208723141,NA,NA,0.5985339740644776,-0.9342763742137826,1.8371474946422168,1.5634127846046741,-4.381036601138214
NER003001001,Birni N'Gaouré,NER003001,NER003,NE,521.6425078966014,admin3,Commune,NA,2.0518094814471217,2.8385162669275266,NA,NA,NA,-0.587734612428191,-0.30409726564037376,-0.5291563105191198,-0.7828725007523185,-0.36141275728348593,NA,NA,0.47977319039600014,0.04416910979567472,-1.1003680666758135,0.7212706411837045,0.2987940384306965
NER003001002,Fabidji,NER003001,NER003,NE,710.8099185663249,admin3,Commune,NA,-0.1115077951658133,0.34915534814792926,NA,NA,NA,-0.587734612428191,-0.6366693740520539,-0.618041463449345,-0.3843114903137605,-0.36141275728348593,NA,NA,0.47977319039600014,0.04416910979567472,-1.1003680666758135,-0.45148524555227343,0.0620209061330049
NER003001003,Fakara,NER003001,NER003,NE,574.9609089711604,admin3,Commune,NA,-0.8384374511283945,-0.7921659818664584,NA,NA,NA,-0.587734612428191,-1.1589496629002984,-0.42099115634740186,-0.34276927660623424,-0.31246377895486716,NA,NA,0.47977319039600014,0.04416910979567472,-1.1003680666758135,-0.9891699574533105,0.1137811564848183
NER003001004,Harikanassou,NER003001,NER003,NE,186.53852149682683,admin3,Commune,NA,0.10332089760402276,1.9136709496431064,NA,NA,NA,-0.587734612428191,-1.0448790844946967,-0.34593249815593996,-0.5946227032734427,-0.36141275728348593,NA,NA,0.47977319039600014,0.04416910979567472,-1.1003680666758135,0.2855693405072087,0.29635270577048933
NER003001005,Kankandi,NER003001,NER003,NE,218.76859437213662,admin3,Commune,NA,-0.44714605931254087,0.8641543678460777,NA,NA,NA,-0.587734612428191,-1.222096502384347,-0.922319356325231,-0.34821176062314785,-0.36141275728348593,NA,NA,0.47977319039600014,0.04416910979567472,-1.1003680666758135,-0.20886549224211254,-0.10331484151578377
NER003001006,Kiota,NER003001,NER003,NE,179.50205828693163,admin3,Commune,NA,1.1536939535924335,4.582914910664476,NA,NA,NA,-0.587734612428191,-1.002124463116669,-0.536555792062183,-0.6388223313807064,-0.36141275728348593,NA,NA,0.47977319039600014,0.04416910979567472,-1.1003680666758135,1.5430694260942062,0.22522856407218794
NER003001007,Koygolo,NER003001,NER003,NE,449.28519442973703,admin3,Commune,NA,1.8334517644477335,2.8833941412915514,NA,NA,NA,-0.587734612428191,-0.4174686099220901,-0.6874178906750751,-0.40594957428011524,-0.36141275728348593,NA,NA,0.47977319039600014,0.04416910979567472,-1.1003680666758135,0.7424129315392588,0.03883238212020399
NER003001008,N'Gonga,NER003001,NER003,NE,246.19412332507036,admin3,Commune,NA,0.22218856576269963,1.7873161436240979,NA,NA,NA,-0.587734612428191,-0.9438359404918598,-0.4144745570001147,-0.6907569913139554,-0.36141275728348593,NA,NA,0.47977319039600014,0.04416910979567472,-1.1003680666758135,0.22604267988588697,0.309755413648508
NER003002001,Dioundiou,NER003002,NER003,NE,770.9515790943403,admin3,Commune,NA,0.6458904213213178,0.9405148146120023,NA,NA,NA,-0.587734612428191,-0.2646602198524127,-0.07991342985097499,-0.32573686464695245,-0.36141275728348593,NA,NA,0.47977319039600014,0.04416910979567472,-1.173405043586419,-0.20729978161822843,0.2949601946797987
NER003002002,Karakara,NER003002,NER003,NE,690.0335278656872,admin3,Commune,NA,0.1894546855562767,0.6681026492648232,NA,NA,NA,-0.587734612428191,-0.515032219068911,0.17111054341976567,-0.5200986948437056,-0.36141275728348593,NA,NA,0.47977319039600014,0.04416910979567472,-1.173405043586419,-0.3356351178562616,0.5113028386327456
NER003002003,Zabori,NER003002,NER003,NE,127.18525730156061,admin3,Commune,NA,-0.624264666104809,0.7084363357022513,NA,NA,NA,-0.587734612428191,-1.3629952820344242,-0.13616176513077155,-0.48374068192548053,-0.36141275728348593,NA,NA,0.47977319039600014,0.04416910979567472,-1.173405043586419,-0.3166336272140584,0.34438711812667233
NER003003001,Dan-Kassari,NER003003,NER003,NE,1617.5305382908057,admin3,Commune,NA,-0.40862770225972356,-0.5935967266995892,NA,NA,NA,-0.587734612428191,0.34614442859014705,-0.32043926754217383,-0.05099229273061241,-0.11666786564039211,NA,NA,0.47977319039600014,0.04416910979567472,-0.2920973512088697,-0.5148403840860398,-0.07421124822915243
NER003003002,Dogondoutchi,NER003003,NER003,NE,682.5159701949386,admin3,Commune,NA,0.01107997257662705,-0.15184020803916404,NA,NA,NA,-0.587734612428191,0.18358797775213717,0.06576738186597411,-0.34411735067641985,-0.36141275728348593,NA,NA,0.47977319039600014,0.04416910979567472,-0.2920973512088697,-0.30672570137583277,0.374651677094554
NER003003003,Dogonkiria,NER003003,NER003,NE,2622.8142533453674,admin3,Commune,NA,-0.39263066906161176,-0.49602444319251904,NA,-0.13736667687737403,-0.26333589651341377,0.49045440071593877,0.035252302443553055,-0.12206368532975975,0.5213653215203392,-0.06771888731177335,NA,NA,0.47977319039600014,0.04416910979567472,-0.2920973512088697,0.039069244542666186,-0.2796466533996266
NER003003004,Kiéché,NER003003,NER003,NE,446.4549975141595,admin3,Commune,NA,0.6035692109787479,1.0967884257468972,NA,NA,NA,-0.587734612428191,-0.40106411554708676,0.25783512988409113,-0.2576026701856427,-0.36141275728348593,NA,NA,0.47977319039600014,0.04416910979567472,-0.2920973512088697,0.2815122554318093,0.42592324778321256
NER003003005,Matankari,NER003003,NER003,NE,1527.916459438418,admin3,Commune,NA,0.5465792040314948,0.41837926068133474,NA,-0.13736667687737403,-0.26333589651341377,0.49045440071593877,0.11268656692280037,-0.2539539982890082,-0.101757916493385,-0.2635148006262484,NA,NA,0.47977319039600014,0.04416910979567472,-0.2920973512088697,0.4698514258171162,0.054072190370185
NER003003006,Soucoucoutane,NER003003,NER003,NE,1359.3769704686672,admin3,Commune,NA,-0.005265144747720483,0.5707550548094202,NA,-0.13736667687737403,-0.26333589651341377,-0.587734612428191,-0.6598249378903976,-0.07602228737244666,0.7357930946471268,-0.31246377895486716,NA,NA,0.47977319039600014,0.04416910979567472,-0.2920973512088697,0.03369413965254563,-0.24255610580332648
NER003004001,Dosso,NER003004,NER003,NE,597.9624732583899,admin3,Commune,NA,-0.25983657490267426,-0.5325867196820936,NA,NA,NA,-0.587734612428191,0.626679017758152,0.20209754527148835,-1.0853073819363073,-0.31246377895486716,NA,NA,0.47977319039600014,0.04416910979567472,-0.7535404701866545,-0.7034873117985794,0.7771236154680714
NER003004002,Farey,NER003004,NER003,NE,1129.1463615950051,admin3,Commune,NA,-0.303577850363595,-0.0033019382981026926,NA,NA,NA,-0.587734612428191,-0.6187330415563126,-0.4151474049538247,-0.5591152005276602,-0.36141275728348593,NA,NA,0.47977319039600014,0.04416910979567472,-0.7535404701866545,-0.4541374331027463,0.2454846206509918
NER003004003,Garankédey,NER003004,NER003,NE,676.3518952057412,admin3,Commune,NA,-0.31213057911894804,0.13586732958443595,NA,NA,NA,-0.587734612428191,-0.7541546823248654,-0.2607046291990699,-0.6604936989676811,-0.36141275728348593,NA,NA,0.47977319039600014,0.04416910979567472,-0.7535404701866545,-0.38857378705579326,0.36974778846601364
NER003004004,Gollé,NER003004,NER003,NE,1303.1509566638747,admin3,Commune,NA,-0.42261282649356213,0.16218513979745028,NA,NA,NA,-0.587734612428191,-0.9364824364746684,-0.17892695195271036,-0.5818002904372274,-0.36141275728348593,NA,NA,0.47977319039600014,0.04416910979567472,-0.7535404701866545,-0.37617527681146756,0.3712459476876718
NER003004005,Goroubankassam,NER003004,NER003,NE,537.1006243063221,admin3,Commune,NA,-0.4367277350426245,-0.0569770141660014,NA,NA,NA,-0.587734612428191,-0.8022440276801716,-0.2545120513672139,-0.7819838105947516,-0.36141275728348593,NA,NA,0.47977319039600014,0.04416910979567472,-0.7535404701866545,-0.47942414854854776,0.4317686486045953
NER003004006,Karguibangou,NER003004,NER003,NE,731.0278823546053,admin3,Commune,NA,0.062323098355924686,0.43966588745346324,NA,NA,NA,-0.587734612428191,-0.4911744770376777,-0.3392664347270288,-0.7670858346740836,-0.31246377895486716,NA,NA,0.47977319039600014,0.04416910979567472,-0.7535404701866545,-0.24545209488370412,0.35958671998673825
NER003004007,Mokko,NER003004,NER003,NE,1045.9016996079306,admin3,Commune,NA,-0.5886132316112593,-0.6134143550932354,NA,NA,NA,-0.587734612428191,-0.3165056297258773,-0.4145151678505444,-0.5522172138717301,-0.36141275728348593,NA,NA,0.47977319039600014,0.04416910979567472,-0.7535404701866545,-0.7415657939199414,0.24244108218610627
NER003004008,Sambéra,NER003004,NER003,NE,1077.3686820329476,admin3,Commune,NA,0.34725685603600803,0.6670564472649902,NA,NA,NA,-0.587734612428191,-0.35109539004568735,-0.20080766282598134,-0.1918042164631407,-0.2635148006262484,NA,NA,0.47977319039600014,0.04416910979567472,-0.7535404701866545,-0.1383267617930353,0.12362688453182673
NER003004009,Tessa,NER003004,NER003,NE,571.6673609357754,admin3,Commune,NA,-0.2647902736824166,0.6224745318012266,NA,NA,NA,-0.587734612428191,-0.9663851679981539,-0.30616259229665876,-0.4687847948365362,-0.36141275728348593,NA,NA,0.47977319039600014,0.04416910979567472,-0.7535404701866545,-0.15932962377567078,0.2545458518195383
NER003004010,Tombokoirey I,NER003004,NER003,NE,459.84537368444575,admin3,Commune,NA,-0.6125992204384791,-0.33821423714265614,NA,NA,NA,-0.587734612428191,-0.9055738265316051,-0.5184379879849045,-0.5112890275890897,-0.36141275728348593,NA,NA,0.47977319039600014,0.04416910979567472,-0.7535404701866545,-0.6119170330985492,0.17208084738848706
NER003004011,Tombokoirey II,NER003004,NER003,NE,885.9909912392461,admin3,Commune,NA,-0.35040517645207886,-0.42621640300684555,NA,NA,NA,-0.587734612428191,-0.03619961381888366,-0.2374636855798728,-0.4115829582226508,-0.36141275728348593,NA,NA,0.47977319039600014,0.04416910979567472,-0.7535404701866545,-0.6533754882723936,0.26013046301371934
NER003005001,Falmey,NER003005,NER003,NE,1156.851932168151,admin3,Commune,NA,0.8432948135374422,0.5735506861500624,NA,NA,NA,-0.587734612428191,0.2674137805690869,-0.47094429063779353,-0.13954689193805045,-0.36141275728348593,NA,NA,0.47977319039600014,0.04416910979567472,-1.050120908098244,-0.3220991841813032,0.014579723881290337
NER003005002,Guilladjé,NER003005,NER003,NE,401.4109160113496,admin3,Commune,NA,-0.2570637855842488,0.5484921806360467,NA,NA,NA,-0.587734612428191,-0.9259508986440735,-0.8456933154391313,0.11798894060679219,-0.36141275728348593,NA,NA,0.47977319039600014,0.04416910979567472,-1.050120908098244,-0.33390442689748395,-0.29254766254351744
NER003006001,Bana,NER003006,NER003,NE,281.33466274983556,admin3,Commune,NA,-0.7388149531446774,-0.40076119556918793,NA,NA,NA,-0.587734612428191,-1.1838774143964086,0.406645630634012,-0.3030911788136358,-0.31246377895486716,NA,NA,0.47977319039600014,0.04416910979567472,-1.2041787230593088,-0.8536822881874007,0.49652587986316044
NER003006002,Bengou,NER003006,NER003,NE,176.78792768041552,admin3,Commune,NA,-0.4558223424478975,0.645673832373246,NA,NA,NA,-0.587734612428191,-1.1759264062541805,0.704443958489281,-0.2772377913293348,-0.36141275728348593,NA,NA,0.47977319039600014,0.04416910979567472,-1.2041787230593088,-0.3606991976888744,0.6523975719094862
NER003006003,Gaya,NER003006,NER003,NE,285.61368877830876,admin3,Commune,NA,0.20870554549866296,0.1705061689111585,NA,NA,NA,-0.587734612428191,-0.01840878217923616,0.9520257006991693,-0.28929269902946964,-0.36141275728348593,NA,NA,0.47977319039600014,0.04416910979567472,-1.2041787230593088,-0.5845541117384355,0.7785140284092489
NER003006004,Tanda,NER003006,NER003,NE,429.09565949239675,admin3,Commune,NA,0.010340302811172649,0.23130419723014917,NA,NA,NA,-0.587734612428191,-0.37285440105464895,-0.017657342257471145,-0.1101287179342583,-0.21456582229762963,NA,NA,0.47977319039600014,0.04416910979567472,-1.2041787230593088,-0.5559117220089493,0.14914089915876197
NER003006005,Tounouga,NER003006,NER003,NE,230.08306176745808,admin3,Commune,NA,0.3917841116478932,1.057430571636969,NA,NA,NA,-0.587734612428191,-0.5557286169765099,0.749295643123779,-0.08852246033718282,-0.36141275728348593,NA,NA,0.47977319039600014,0.04416910979567472,-1.2041787230593088,-0.16671762746663524,0.5825169394793192
NER003006006,Yélou,NER003006,NER003,NE,1087.3422422113508,admin3,Commune,NA,0.42363773441776464,0.3076318179016569,NA,NA,NA,-0.587734612428191,0.09687996685065349,-0.08558129703580201,-0.3774231798067321,-0.2635148006262484,NA,NA,0.47977319039600014,0.04416910979567472,-1.2041787230593088,-0.5199532292939013,0.2697601321993059
NER003007001,Falwel,NER003007,NER003,NE,1151.708263305827,admin3,Commune,NA,-0.43684945285212967,-0.4707528129055396,NA,NA,NA,-0.587734612428191,-0.17925824052610556,-0.4774028580027906,-0.1945970095124222,-0.31246377895486716,NA,NA,0.47977319039600014,0.04416910979567472,-0.42538213392984686,-0.5197591527564728,0.014406105989255206
NER003007002,Loga,NER003007,NER003,NE,1289.9685860117902,admin3,Commune,NA,0.16409856112043333,-0.1367449172825735,NA,-0.13736667687737403,-0.26333589651341377,-0.587734612428191,0.45328328520181693,-0.16634808714731808,-0.1672410793158293,-0.21456582229762963,NA,NA,0.47977319039600014,0.04416910979567472,-0.42538213392984686,-0.3624056236425971,0.10465742109800845
NER003007003,Sokorbé,NER003007,NER003,NE,407.43737562433165,admin3,Commune,NA,-0.535449593258376,-0.31603786419755986,NA,NA,NA,-0.587734612428191,-0.7389882576429625,-0.20313540293470098,-0.5249839259479642,-0.36141275728348593,NA,NA,0.47977319039600014,0.04416910979567472,-0.42538213392984686,-0.4468718243283033,0.33188878212832984
NER003008001,Doumega,NER003008,NER003,NE,243.15355574756057,admin3,Commune,NA,-0.5439402747398304,-0.1861710263420904,NA,NA,NA,-0.587734612428191,-0.8961054877893954,0.5045060122526658,-0.38673000292871584,-0.36141275728348593,NA,NA,0.47977319039600014,0.04416910979567472,-1.0933000383139089,-0.7003515631945041,0.608464269111446
NER003008002,Guéchémé,NER003008,NER003,NE,1155.366071765222,admin3,Commune,NA,1.024406304649273,0.19176222361404785,NA,NA,NA,-0.587734612428191,1.1251171362172463,0.6722201716471997,-0.3812543518712896,-0.36141275728348593,NA,NA,0.47977319039600014,0.04416910979567472,-1.0933000383139089,-0.5223044827829542,0.6872703459360158
NER003008003,Koré Maïroua,NER003008,NER003,NE,778.9472464474859,admin3,Commune,NA,0.36064451867887026,0.5751012064341804,NA,NA,NA,-0.587734612428191,-0.26230283640629026,-0.27079596404390976,-0.4376889747993626,-0.36141275728348593,NA,NA,0.47977319039600014,0.04416910979567472,-1.0933000383139089,-0.3417107226229813,0.25662036325205406
NER003008004,Tibiri,NER003008,NER003,NE,609.7142999364871,admin3,Commune,NA,2.36308527782004,1.8711993974690218,NA,NA,NA,-0.587734612428191,0.331626408503416,-0.018546858327962247,-0.33933354426546886,-0.31246377895486716,NA,NA,0.47977319039600014,0.04416910979567472,-1.0933000383139089,0.2688904850432584,0.30759642268042714
NER004001001,Aguié,NER004001,NER004,NE,1176.1669857407267,admin3,Commune,NA,-0.15248722870892686,-0.702844372695972,NA,NA,NA,-0.587734612428191,2.3809287113763524,0.003911403446589997,-0.31154113814733186,-0.36141275728348593,NA,NA,0.6881867225200929,1.130894832338123,-0.950872509630139,-0.7784763492059752,0.3287819845605551
NER004001002,Tchadoua,NER004001,NER004,NE,575.87666585466,admin3,Commune,NA,0.1331483149686821,-0.287857307356262,NA,NA,NA,-0.587734612428191,0.8070725540428173,0.01343603233316112,-0.6667469684854918,-0.36141275728348593,NA,NA,0.6881867225200929,1.130894832338123,-0.950872509630139,-0.5829729490662215,0.5059469306916002
NER004002001,Bermo,NER004002,NER004,NE,571.9770704562018,admin3,Commune,NA,-0.4683354014104486,-0.08374762896599525,NA,-0.13736667687737403,-0.26333589651341377,1.5686434138600687,-0.8370069560105741,0.09644945622427165,1.388490141107822,-0.36141275728348593,NA,NA,0.6881867225200929,1.130894832338123,0.3305866508409438,1.1327744915972835,-0.452045181561661
NER004002002,Gadabedji,NER004002,NER004,NE,5105.804217611429,admin3,Commune,NA,-0.6374953919980194,-0.2035339881648373,NA,-0.13736667687737403,-0.26333589651341377,-0.587734612428191,-1.0789770788786501,-0.8870758297128469,1.334153085759445,-0.31246377895486716,NA,NA,0.6881867225200929,1.130894832338123,0.3305866508409438,0.06045702966515115,-0.92716762210299275
NER004003001,Adjekoria,NER004003,NER004,NE,1190.8768036628956,admin3,Commune,NA,-0.4688059595811006,-0.6636604157913949,NA,-0.13736667687737403,3.7619413787630536,1.5686434138600687,0.4384104161232862,0.4080410517588615,0.8610155184078069,-0.36141275728348593,NA,NA,0.6881867225200929,1.130894832338123,-0.7735589135337223,0.3394024537872757,-0.044475378727289225
NER004003002,Azagor,NER004003,NER004,NE,162.84293851169687,admin3,Commune,NA,-0.8125897649975223,0.07248629062070283,NA,-0.13736667687737403,-0.26333589651341377,2.6468324270041985,-1.4995868709958022,-0.3997453938131643,0.38365063978717584,-0.36141275728348593,NA,NA,0.6881867225200929,1.130894832338123,-0.7735589135337223,1.19414909963245,-0.2049750508246232
NER004003003,Bader Goula,NER004003,NER004,NE,1729.9785209414172,admin3,Commune,NA,0.899440718279133,0.7319068980862696,NA,-0.13736667687737403,-0.26333589651341377,0.49045440071593877,0.1514603104170134,-0.3936999726282488,0.9629797444516787,-0.36141275728348593,NA,NA,0.6881867225200929,1.130894832338123,-0.7735589135337223,0.4889216607851858,-0.4834430820314376
NER004003004,Birni Lallé,NER004003,NER004,NE,688.531695782491,admin3,Commune,NA,-0.8189754846094487,-0.8457662157870298,NA,-0.13736667687737403,-0.26333589651341377,0.49045440071593877,-0.8332784877054925,0.04717707285138097,0.23660372046864828,-0.36141275728348593,NA,NA,0.6881867225200929,1.130894832338123,-0.7735589135337223,-0.2543315242720702,0.08354089734942977
NER004003005,Dakoro,NER004003,NER004,NE,327.85570277663885,admin3,Commune,NA,-0.3981018485876822,-0.556921682537191,NA,-0.13736667687737403,-0.26333589651341377,1.5686434138600687,0.23099798805237062,2.246866209181661,0.09716283708743385,-0.31246377895486716,NA,NA,0.6881867225200929,1.130894832338123,-0.7735589135337223,0.389687841021513,1.1959782893056048
NER004003006,Dan-Goulbi,NER004003,NER004,NE,1113.3463246301408,admin3,Commune,NA,-0.006955581852392367,0.015703344642834977,NA,NA,NA,-0.587734612428191,-0.13958552733495408,0.09387620506522709,0.11135471644351522,-0.36141275728348593,NA,NA,0.6881867225200929,1.130894832338123,-0.7735589135337223,-0.3564296218293559,0.1670633494058462
NER004003007,Korahane,NER004003,NER004,NE,279.2687596825873,admin3,Commune,NA,-0.5960474529218697,0.6044975300615077,NA,-0.13736667687737403,-0.26333589651341377,0.49045440071593877,-1.3146930414723224,-0.140343990494624,0.5416018794373342,-0.36141275728348593,NA,NA,0.6881867225200929,1.130894832338123,-0.7735589135337223,0.4288981883954919,-0.15569643335050604
NER004003008,Kornaka,NER004003,NER004,NE,2203.235021703436,admin3,Commune,NA,1.4807475470616096,0.10463957976534172,NA,-0.13736667687737403,-0.26333589651341377,1.5686434138600687,2.0436056559473137,-0.15094411468717672,0.17187494752021884,-0.36141275728348593,NA,NA,0.6881867225200929,1.130894832338123,-0.7735589135337223,0.7013541241019665,0.01874658322665777
NER004003009,Maïyara,NER004003,NER004,NE,587.5004502163055,admin3,Commune,NA,-0.4460538040225702,-0.5416687370255435,NA,NA,NA,-0.587734612428191,3.204625878656941e-4,0.07991910952337741,0.02660261059425112,-0.36141275728348593,NA,NA,0.6881867225200929,1.130894832338123,-0.7735589135337223,-0.6190116303069907,0.2014514677278528
NER004003010,Roumbou I,NER004003,NER004,NE,507.9724667230404,admin3,Commune,NA,-0.5266003123843026,0.8582642739157806,NA,-0.13736667687737403,-0.26333589651341377,2.6468324270041985,-1.2946477269188605,-0.46757209021958546,0.5363028472423916,-0.36141275728348593,NA,NA,0.6881867225200929,1.130894832338123,-0.7735589135337223,1.5643347760544142,-0.31207094078321584
NER004003011,Sabon Machi,NER004003,NER004,NE,328.7631319471846,admin3,Commune,NA,-0.25244463072471446,0.18385445780254273,NA,NA,NA,-0.587734612428191,-0.7030891315011517,0.31224074782564076,-0.46691071132243844,-0.36141275728348593,NA,NA,0.6881867225200929,1.130894832338123,-0.7735589135337223,-0.27721241940138025,0.5540200793556164
NER004003012,Tagriss,NER004003,NER004,NE,1612.9694346821816,admin3,Commune,NA,-0.30938476217901945,-0.29466661607300276,NA,-0.13736667687737403,-0.26333589651341377,-0.587734612428191,-0.22599501673354025,-0.5193537511249205,1.2372162602606231,-0.31246377895486716,NA,NA,0.6881867225200929,1.130894832338123,-0.7735589135337223,-0.5026471492877516,-0.7014632214153704
NER004004001,Gangara,NER004004,NER004,NE,278.83335497586694,admin3,Commune,NA,-0.40002923929784046,-0.38212629798845027,NA,NA,NA,-0.587734612428191,-0.27995547415628846,-0.14576288547710087,-0.38645044383153027,-0.31246377895486716,NA,NA,0.6881867225200929,1.130894832338123,-0.8656037652382973,-0.5872130299965569,0.2686889027174293
NER004004002,Gazaoua,NER004004,NER004,NE,694.3184508794757,admin3,Commune,NA,1.0266047155471048,0.15465631646758168,NA,NA,NA,-0.587734612428191,1.2151088836506023,-0.3938042686759432,-0.3058786091779838,-0.2635148006262484,NA,NA,0.6881867225200929,1.130894832338123,-0.8656037652382973,-0.33433086805217394,0.08529104148667288
NER004005001,Chadakori,NER004005,NER004,NE,1338.009150912377,admin3,Commune,NA,0.047950385724540565,-0.44776941131810255,NA,NA,NA,-0.587734612428191,1.2231777609651366,0.5864565163568198,-0.6274008908383414,-0.31246377895486716,NA,NA,0.6881867225200929,1.130894832338123,-0.3985822944677115,-0.39812079031921804,0.7413984872492575
NER004005002,Guidan Roumdji,NER004005,NER004,NE,1071.9532441434271,admin3,Commune,NA,-0.3631140642454255,-0.6546077050506516,NA,NA,NA,-0.587734612428191,0.8815950988060655,1.027452971581321,-0.4679816161876372,0.1280770260027017,NA,NA,0.6881867225200929,1.130894832338123,-0.3985822944677115,-0.4955638025989287,0.6641831594956904
NER004005003,Guidan Sori,NER004005,NER004,NE,708.6151937944971,admin3,Commune,NA,-0.14553692571906507,-0.4894964263370868,NA,NA,NA,-0.587734612428191,0.8166022571148764,1.0845682100717102,-0.4744023238844857,0.5196688526316517,NA,NA,0.6881867225200929,1.130894832338123,-0.3985822944677115,-0.41777868810746843,0.5048326009764814
NER004005004,Saé Saboua,NER004005,NER004,NE,647.9194788486591,admin3,Commune,NA,0.11158611304840267,-0.35037329780801585,NA,NA,NA,-0.587734612428191,0.9767777719547291,0.5607798446857151,-0.7424576458269267,-0.36141275728348593,NA,NA,0.6881867225200929,1.130894832338123,-0.3985822944677115,-0.35223677864277675,0.8085907387737978
NER004005005,Tibiri,NER004005,NER004,NE,900.5905091628966,admin3,Commune,NA,-0.21167254959199458,-0.665064160453915,NA,NA,NA,-0.587734612428191,1.6809182045710398,0.737968446262454,-1.0143219677547777,1.302852505889552,NA,NA,0.6881867225200929,1.130894832338123,-0.3985822944677115,-0.500489914170802,0.21831092185703277
NER004006001,Dan-Issa,NER004006,NER004,NE,1059.4663564253633,admin3,Commune,NA,-0.0033883857654214765,-0.39701130762186715,NA,NA,NA,-0.587734612428191,0.851171444422367,-0.4556071184117396,-0.6172113231442605,0.32387293931717676,NA,NA,0.6881867225200929,1.130894832338123,-0.20123349300571505,-0.2812358374909202,-0.07882075898610359
NER004006002,Djiratawa,NER004006,NER004,NE,527.1158831034156,admin3,Commune,NA,-0.1575885733522701,-0.44973323789940656,NA,NA,NA,-0.587734612428191,0.6116839875512968,0.09743738438401423,-0.9681538335328005,-0.31246377895486716,NA,NA,0.6881867225200929,1.130894832338123,-0.20123349300571505,-0.3060735191732454,0.6693793542917641
NER004006003,Gabi,NER004006,NER004,NE,782.0608448646555,admin3,Commune,NA,-0.38679073498840144,-0.6154867546295598,NA,NA,NA,-0.587734612428191,0.5434516767754332,0.16482336076588594,-0.6563973363041565,2.18393411580469,NA,NA,0.6881867225200929,1.130894832338123,-0.20123349300571505,-0.3841611966273351,-0.6619273036185347
NER004006004,Madarounfa,NER004006,NER004,NE,310.8917521175309,admin3,Commune,NA,0.09017134092460671,-0.10853984373066548,NA,NA,NA,-0.587734612428191,0.24830585049246345,0.24203300956931104,-0.8152074798944794,0.22597498265993923,NA,NA,0.6881867225200929,1.130894832338123,-0.20123349300571505,-0.1453348498592811,0.4037806687342176
NER004006005,Safo,NER004006,NER004,NE,751.209430960189,admin3,Commune,NA,0.2393842673061335,-0.03269911252979668,NA,NA,NA,-0.587734612428191,0.36693026517497657,0.8528406208287153,-0.9681195006912153,1.498648419204027,NA,NA,0.6881867225200929,1.130894832338123,-0.20123349300571505,-0.10960573428620311,0.15656036926441202
NER004006006,Sarkin Yamma,NER004006,NER004,NE,236.44738618329723,admin3,Commune,NA,-0.3746015966461163,-0.06206242154496789,NA,NA,NA,-0.587734612428191,-0.6851830200510934,1.100946150711759,-0.9953824291072495,0.6175668092888893,NA,NA,0.6881867225200929,1.130894832338123,-0.20123349300571505,-0.12343900098602413,0.7182968759272004
NER004007001,Maradi I,NER004007,NER004,NE,10.193593353891954,admin3,Commune,NA,-0.6109294537547114,-0.8593990503357407,NA,NA,NA,-0.587734612428191,1.3618702269267955,9.7226776915752,-1.0817233979519676,-0.36141275728348593,NA,NA,0.6881867225200929,1.130894832338123,-1.0362614510359065,-0.8924577334855045,5.423706078412858
NER004007002,Maradi II,NER004007,NER004,NE,10.856208877507358,admin3,Commune,NA,-0.8022218023715684,-0.9280315830954059,NA,NA,NA,-0.587734612428191,0.10268723163848334,5.439172558646606,-1.0789242585730976,-0.16561684396901086,NA,NA,0.6881867225200929,1.130894832338123,-1.0362614510359065,-0.9247910147740037,3.2465612366370142
NER004007003,Maradi III,NER004007,NER004,NE,52.937412457296134,admin3,Commune,NA,-0.5302094254920616,-0.743645286137791,NA,NA,NA,-0.587734612428191,0.6433691222972868,1.5007668954960538,-1.0725105675414541,-0.36141275728348593,NA,NA,0.6881867225200929,1.130894832338123,-1.0362614510359065,-0.8379253001405056,1.4255026462545015
NER004008001,Attantane,NER004008,NER004,NE,704.8696817409517,admin3,Commune,NA,-0.329589306366709,-0.4966881298064492,NA,-0.13736667687737403,-0.26333589651341377,1.5686434138600687,0.24461349137107366,0.11807427259114195,0.7502747921498318,-0.36141275728348593,NA,NA,0.6881867225200929,1.130894832338123,-1.1847161658709107,0.22436515462279336,-0.13153302144933615
NER004008002,El Allassane Maïreyrey,NER004008,NER004,NE,1219.6320119305287,admin3,Commune,NA,-0.26174689631055276,-0.36282884558919176,NA,-0.13736667687737403,-0.26333589651341377,-0.587734612428191,0.044142823305273214,0.14329961003815317,0.7773886437537201,-0.36141275728348593,NA,NA,0.6881867225200929,1.130894832338123,-1.1847161658709107,-0.7284580149320821,-0.13245035231767657
NER004008003,Guidan Amoumoune,NER004008,NER004,NE,1156.3804792475466,admin3,Commune,NA,-0.14592570248575668,-0.4575842432526473,NA,-0.13736667687737403,-0.26333589651341377,1.5686434138600687,0.6783326020270931,-0.1964454575568155,1.0697764491012784,-0.36141275728348593,NA,NA,0.6881867225200929,1.130894832338123,-1.1847161658709107,0.24278727766821712,-0.4395039135161974
NER004008004,Issawane,NER004008,NER004,NE,534.7170235835345,admin3,Commune,NA,-0.28939441252711,-0.011870036064639877,NA,-0.13736667687737403,-0.26333589651341377,-0.587734612428191,-0.5856472393784765,0.16226706925176515,0.4283156265375548,-0.36141275728348593,NA,NA,0.6881867225200929,1.130894832338123,-1.1847161658709107,-0.5631187879976649,0.04632240858450482
NER004008005,Kanan-Bakaché,NER004008,NER004,NE,699.3255654724574,admin3,Commune,NA,0.1375660952747393,-0.2168045734548142,NA,NA,NA,-0.587734612428191,0.6024960802494278,0.4328193237359437,-0.025042959818044636,-0.36141275728348593,NA,NA,0.6881867225200929,1.130894832338123,-1.1847161658709107,-0.6596649269310528,0.39795639438780117
NER004008006,Mayahi,NER004008,NER004,NE,800.3349545252721,admin3,Commune,NA,0.936492627805717,0.32249911411775717,NA,NA,NA,-0.587734612428191,0.743323457358472,0.2059802656134219,-0.08936381897120622,-0.36141275728348593,NA,NA,0.6881867225200929,1.130894832338123,-1.1847161658709107,-0.405595069254802,0.3190144600428539
NER004008007,Sarkin Haoussa,NER004008,NER004,NE,683.2519923172098,admin3,Commune,NA,-0.2800148669355918,-0.48493439661660187,NA,NA,NA,-0.587734612428191,0.3633956797756505,0.17892951658829004,-0.22462029256289562,-0.36141275728348593,NA,NA,0.6881867225200929,1.130894832338123,-1.1847161658709107,-0.785982820873335,0.371574537982747
NER004008008,Tchaké,NER004008,NER004,NE,773.2607461601392,admin3,Commune,NA,-0.2960350913376448,-0.028528345819911444,NA,-0.13736667687737403,-0.26333589651341377,2.6468324270041985,-0.5796595705550316,0.06866090495908914,0.8610040935572965,-0.36141275728348593,NA,NA,0.6881867225200929,1.130894832338123,-1.1847161658709107,0.9528612280933881,-0.20932106085239155
NER004009001,Baoudetta,NER004009,NER004,NE,66.03004341950616,admin3,Commune,NA,-0.776672874044574,-0.31179057650150976,NA,NA,NA,-0.587734612428191,-1.3335390203489816,-0.1907388254693056,-0.15803206690382837,-0.36141275728348593,NA,NA,0.6881867225200929,1.130894832338123,-0.7456836909146869,-0.49758215211170304,0.15966634834834398
NER004009002,Hawandawaki,NER004009,NER004,NE,264.14017965230084,admin3,Commune,NA,-0.7085982368511259,-0.701989297460994,NA,NA,NA,-0.587734612428191,-0.5991754847483763,-0.6889804277568774,-0.02630925294299437,-0.36141275728348593,NA,NA,0.6881867225200929,1.130894832338123,-0.7456836909146869,-0.6814075843943089,-0.1463339021005946
NER004009003,Koona,NER004009,NER004,NE,50.606467386715785,admin3,Commune,NA,-0.8043088126647537,-0.5801468682348071,NA,NA,NA,-0.587734612428191,-1.255118138046173,0.31998657531469804,-0.3377865262422611,-0.36141275728348593,NA,NA,0.6881867225200929,1.130894832338123,-0.7456836909146869,-0.6240067370317358,0.4950614987374407
NER004009004,Korgom,NER004009,NER004,NE,664.8399625483845,admin3,Commune,NA,-0.35252673947846547,-0.490273367242231,NA,NA,NA,-0.587734612428191,0.14765884338890872,-0.7325950389716814,0.07748982740888548,-0.36141275728348593,NA,NA,0.6881867225200929,1.130894832338123,-0.7456836909146869,-0.5816666823793605,-0.2179389410131746
NER004009005,Maïjirgui,NER004009,NER004,NE,762.5536965445827,admin3,Commune,NA,-0.2910074976037295,-0.4517724705751614,NA,NA,NA,-0.587734612428191,0.2149894886938059,-0.5932869580495029,0.10679526844896688,-0.36141275728348593,NA,NA,0.6881867225200929,1.130894832338123,-0.7456836909146869,-0.5635286322194604,-0.16450602562023112
NER004009006,Ourafane,NER004009,NER004,NE,2319.696187163479,admin3,Commune,NA,-0.009221909847480357,-0.5975699803344308,NA,-0.13736667687737403,-0.26333589651341377,-0.587734612428191,1.983315946755196,-0.34957443768864976,0.7194559081574307,-0.36141275728348593,NA,NA,0.6881867225200929,1.130894832338123,-0.7456836909146869,-0.6322148908297442,-0.34371966691662453
NER004009007,Tessaoua,NER004009,NER004,NE,1109.135997587235,admin3,Commune,NA,1.3949133001565344,-0.14390149870533922,NA,NA,NA,-0.587734612428191,2.907500778889412,0.12973166335567657,-0.3538451445656834,-0.31246377895486716,NA,NA,0.6881867225200929,1.130894832338123,-0.7456836909146869,-0.418488396433776,0.3866704414866416
NER005001001,Abalak,NER005001,NER005,NE,6886.53527175347,admin3,Commune,NA,0.8843694606569853,0.6412892157876893,NA,-0.13736667687737403,-0.26333589651341377,1.5686434138600687,0.23304294547692453,-0.3419451356511095,-0.31522775087889926,-0.11666786564039211,NA,NA,0.08273959009256064,0.5592008771364967,0.10897048851138103,1.0847090949962424,0.043692737182813454
NER005001002,Akoubounou,NER005001,NER005,NE,1649.7962730720087,admin3,Commune,NA,-0.704193348549744,-0.7387072112630694,NA,-0.13736667687737403,-0.26333589651341377,-0.587734612428191,-0.44113949224832527,-0.44732729285105227,-0.30367880084422955,-0.31246377895486716,NA,NA,0.08273959009256064,0.5592008771364967,0.10897048851138103,-0.5813024208787899,0.08200069520330108
NER005001003,Azeye,NER005001,NER005,NE,2244.790290192218,admin3,Commune,NA,-0.7380529204325653,-0.8374525327332301,NA,-0.13736667687737403,-0.26333589651341377,0.49045440071593877,-0.13351180656687636,-0.2537584431995812,0.41537232013012115,-0.2635148006262484,NA,NA,0.08273959009256064,0.5592008771364967,0.10897048851138103,-0.11987943216239799,-0.19702475722756088
NER005001004,Tabalak,NER005001,NER005,NE,915.8326487829845,admin3,Commune,NA,-0.5030667500954609,-0.3711210974843691,NA,-0.13736667687737403,-0.26333589651341377,0.49045440071593877,-0.5770453082206031,-0.06254225395141161,-0.6346083102439398,-0.2635148006262484,NA,NA,0.08273959009256064,0.5592008771364967,0.10897048851138103,0.09981267103260678,0.4058768160433084
NER005001005,Tamaya,NER005001,NER005,NE,2284.495235448636,admin3,Commune,NA,-0.08498346784821043,0.8239197845426343,NA,-0.13736667687737403,-0.26333589651341377,0.49045440071593877,-0.8699390281273884,2.7043239034382855,0.23765946991990447,-0.36141275728348593,NA,NA,0.08273959009256064,0.5592008771364967,0.10897048851138103,0.6628050514120662,1.373716207381883
NER005002001,Bagaroua,NER005002,NER005,NE,3076.5144965582476,admin3,Commune,NA,0.14872891480906678,-0.012975738071906034,NA,-0.13736667687737403,-0.26333589651341377,0.49045440071593877,0.17149728935341477,-0.140521086106583,0.053135077203283504,-0.01876990898315458,NA,NA,0.08273959009256064,0.5592008771364967,0.42890925320621076,0.41926299350287966,-0.08494961976225122
NER005003001,Alléla,NER005003,NER005,NE,1603.4842487721583,admin3,Commune,NA,-0.49376099142455687,-0.4803548660803298,NA,NA,NA,-0.587734612428191,-0.33524211051800185,0.4641557865704832,-0.40679093291413865,-0.31246377895486716,NA,NA,0.08273959009256064,0.5592008771364967,-1.004951451062822,-0.98436742875511,0.5748323231698141
NER005003002,Bazaga,NER005003,NER005,NE,390.29992408896914,admin3,Commune,NA,-0.5447747619586656,-0.35826373300452846,NA,NA,NA,-0.587734612428191,-0.7063915965683769,0.47388831532203807,-0.9081756708097827,-0.21456582229762963,NA,NA,0.08273959009256064,0.5592008771364967,-1.004951451062822,-0.9268494152148689,0.7755503464198864
NER005003003,Birni N'Konni,NER005003,NER005,NE,864.0392654890103,admin3,Commune,NA,-0.41728886069685767,-0.8031798032403208,NA,NA,NA,-0.587734612428191,2.112809012904656,1.4597383993886548,-1.0755789013173493,-0.01876990898315458,NA,NA,0.08273959009256064,0.5592008771364967,-1.004951451062822,-1.1364525854647913,1.2406277333688864
NER005003004,Tsernaoua,NER005003,NER005,NE,320.87650708783036,admin3,Commune,NA,-0.427629004681438,-0.5793167670857123,NA,NA,NA,-0.587734612428191,0.20924195658312428,0.47899778331345694,-0.908518824355473,-0.21456582229762963,NA,NA,0.08273959009256064,0.5592008771364967,-1.004951451062822,-1.0309890942159554,0.7781989143594775
NER005004001,Allakaye,NER005004,NER005,NE,462.93532959870146,admin3,Commune,NA,-0.7646658172627356,-0.9090316762586458,NA,NA,NA,-0.587734612428191,0.37128578470727075,0.7033645405443375,-0.2457443165463314,-0.36141275728348593,NA,NA,0.08273959009256064,0.5592008771364967,-0.032238215885344965,-0.7280679443358916,0.6365755459735517
NER005004002,Babankatami,NER005004,NER005,NE,853.150232547304,admin3,Commune,NA,-0.4697117849598854,-0.5691538079194473,NA,-0.13736667687737403,-0.26333589651341377,0.49045440071593877,0.008330032873782393,0.4348289839735422,0.7795803497700204,-0.36141275728348593,NA,NA,0.08273959009256064,0.5592008771364967,-0.032238215885344965,-0.06000640673442264,0.008093139606542111
NER005004003,Bouza,NER005004,NER005,NE,656.4666657110166,admin3,Commune,NA,0.15446974609773326,-0.30199299705175486,NA,NA,NA,-0.587734612428191,0.9060247705797796,0.8879678527330507,-0.09535452094246308,-0.36141275728348593,NA,NA,0.08273959009256064,0.5592008771364967,-0.032238215885344965,-0.44208764347002716,0.653194492018233
NER005004004,Déoulé,NER005004,NER005,NE,286.8649757565613,admin3,Commune,NA,-0.7859936313745486,-0.6355674028927827,NA,NA,NA,-0.587734612428191,-1.1189311102779147,0.18053826004962958,-0.010309099543357923,-0.36141275728348593,NA,NA,0.08273959009256064,0.5592008771364967,-0.032238215885344965,-0.5992369524204975,0.26825599941588546
NER005004005,Karofane,NER005004,NER005,NE,697.5415122462861,admin3,Commune,NA,0.26100084611764157,0.016349150013184804,NA,NA,NA,-0.587734612428191,0.3089040129865296,0.10684514170386583,0.06738093314902162,-0.36141275728348593,NA,NA,0.08273959009256064,0.5592008771364967,-0.032238215885344965,-0.29211436151234055,0.1947228268483173
NER005004006,Tabotaki,NER005004,NER005,NE,329.8595588010517,admin3,Commune,NA,-0.8791338727588155,-0.992380631439473,NA,NA,NA,-0.587734612428191,-0.4826710125732505,0.8353304219894707,0.0811319065394834,-0.36141275728348593,NA,NA,0.08273959009256064,0.5592008771364967,-0.032238215885344965,-0.767334238389198,0.5418993836081862
NER005004007,Tama,NER005004,NER005,NE,338.7863506455589,admin3,Commune,NA,-0.3524418251013018,-0.2978380333596913,NA,NA,NA,-0.587734612428191,-0.323017342832094,0.7056232883560203,-0.39871210635187304,-0.36141275728348593,NA,NA,0.08273959009256064,0.5592008771364967,-0.032238215885344965,-0.4401302101013734,0.7119756132822145
NER005005001,Badaguichiri,NER005005,NER005,NE,1035.6773270164888,admin3,Commune,NA,-0.3874889198673026,-0.717986268571011,NA,NA,NA,-0.587734612428191,1.2567268106272693,0.24109157621844107,-0.647750677184503,-0.36141275728348593,NA,NA,0.08273959009256064,0.5592008771364967,-0.5060291344975165,-0.861271394218717,0.6073015181927843
NER005005002,Illéla,NER005005,NER005,NE,1958.480070500966,admin3,Commune,NA,0.3545792266021442,-0.4123458245239292,NA,NA,NA,-0.587734612428191,1.9295571048531783,0.519349624199918,-0.5734979798093635,-0.21456582229762963,NA,NA,0.08273959009256064,0.5592008771364967,-0.5060291344975165,-0.7172819761810392,0.6350657681154894
NER005005003,Tajaé,NER005005,NER005,NE,624.3177851440034,admin3,Commune,NA,-0.3966771020151195,-0.5811324310827142,NA,NA,NA,-0.587734612428191,0.33760364893785766,0.39357920487999515,-0.7434039265574752,-0.36141275728348593,NA,NA,0.08273959009256064,0.5592008771364967,-0.5060291344975165,-0.7967985641336799,0.727833994102096
NER005006001,Garhanga,NER005006,NER005,NE,709.2495806657977,admin3,Commune,NA,-0.3057951311230185,-0.430581813908043,NA,NA,NA,-0.587734612428191,0.10602885637053729,0.39070010325365206,-0.29239285553151584,-0.2635148006262484,NA,NA,0.08273959009256064,0.5592008771364967,0.30857729398302003,-0.34210611741857777,0.4598072589271189
NER005006002,Ibohamane,NER005006,NER005,NE,1341.7126279644392,admin3,Commune,NA,-0.20884941663519987,-0.482946188415255,NA,-0.13736667687737403,-0.26333589651341377,0.49045440071593877,0.5842200092847283,0.020535085880431996,-0.16156706720591713,-0.31246377895486716,NA,NA,0.08273959009256064,0.5592008771364967,0.30857729398302003,0.14116726999767557,0.2402315038194951
NER005006003,Keita,NER005006,NER005,NE,719.6917463906702,admin3,Commune,NA,-0.1067551108276857,-0.20217536949778664,NA,-0.13736667687737403,-0.26333589651341377,1.5686434138600687,0.044974114885822813,0.2217911541799993,-0.5213502988751418,-0.2635148006262484,NA,NA,0.08273959009256064,0.5592008771364967,0.30857729398302003,0.7813830502266416,0.4889753417771316
NER005006004,Tamaské,NER005006,NER005,NE,824.5213318320715,admin3,Commune,NA,-0.19030055875745663,-0.582666201788712,NA,-0.13736667687737403,-0.26333589651341377,1.5686434138600687,1.1530813933902866,0.9114612297066231,-0.6174327087679283,-0.31246377895486716,NA,NA,0.08273959009256064,0.5592008771364967,0.30857729398302003,0.6021310743271349,0.8944249995182388
NER005007001,Azarori,NER005007,NER005,NE,203.79194633019054,admin3,Commune,NA,-0.7546356485665482,-0.466287297349798,NA,NA,NA,-0.587734612428191,-1.1794456328356888,0.8382290214388894,-0.44141184394428473,-0.36141275728348593,NA,NA,0.08273959009256064,0.5592008771364967,-0.4271677864071927,-0.7055420431754855,0.7971288640819428
NER005007002,Bangui,NER005007,NER005,NE,1285.4071864149917,admin3,Commune,NA,1.9230925377835582,0.3760327540425487,NA,NA,NA,-0.587734612428191,1.8841100436939082,0.42301664897001023,-0.09230758325937652,-0.01876990898315458,NA,NA,0.08273959009256064,0.5592008771364967,-0.4271677864071927,-0.3087189905863857,0.25943201990301623
NER005007003,Galma Koudawatché,NER005007,NER005,NE,346.21186179853345,admin3,Commune,NA,-0.5679657858439532,-0.6199539244724973,NA,NA,NA,-0.587734612428191,-0.207099059625229,1.319574202513029,-0.6227774403649128,-0.36141275728348593,NA,NA,0.08273959009256064,0.5592008771364967,-0.4271677864071927,-0.7779354997423851,1.1190354014325323
NER005007004,Madaoua,NER005007,NER005,NE,778.4272260763134,admin3,Commune,NA,0.6127278639538447,-0.19806147119282932,NA,NA,NA,-0.587734612428191,1.55400144709535,0.8780980316178272,-0.5334763204406991,-0.36141275728348593,NA,NA,0.08273959009256064,0.5592008771364967,-0.4271677864071927,-0.5791789215296215,0.8612145154679097
NER005007005,Ourno,NER005007,NER005,NE,1194.7358566822734,admin3,Commune,NA,-0.5069074871531422,-0.7493867703527864,NA,NA,NA,-0.587734612428191,0.8354423123828162,0.17536533760441433,0.6325062672865036,-0.36141275728348593,NA,NA,0.08273959009256064,0.5592008771364967,-0.4271677864071927,-0.838912247146902,-0.046499205309782354
NER005007006,Sabon Guida,NER005007,NER005,NE,696.7956007306907,admin3,Commune,NA,1.4599569928401694,0.5703905522656804,NA,NA,NA,-0.587734612428191,0.9476106320337969,0.538656160940271,-0.40005341877583817,-0.36141275728348593,NA,NA,0.08273959009256064,0.5592008771364967,-0.4271677864071927,-0.2171556297736976,0.6315241789454679
NER005008001,Doguerawa,NER005008,NER005,NE,752.3990002060642,admin3,Commune,NA,0.4380033168342724,-0.23561976093977288,NA,NA,NA,-0.587734612428191,1.319235851258704,0.2473352637285367,-0.6883172902645074,-0.2635148006262484,NA,NA,0.08273959009256064,0.5592008771364967,-0.7331596866868076,-0.7410278943737969,0.5824860918795162
NER005008002,Malbaza,NER005008,NER005,NE,707.7781140523123,admin3,Commune,NA,-0.2822205520930447,-0.6502938629240793,NA,NA,NA,-0.587734612428191,1.2262492407630095,0.5366572302739508,-0.7942197089113922,-0.31246377895486716,NA,NA,0.08273959009256064,0.5592008771364967,-0.7331596866868076,-0.9363838552191465,0.7982398026836416
NER005009001,Affala,NER005009,NER005,NE,1997.965782190559,admin3,Commune,NA,-0.5001642844953703,-0.6164766288905937,NA,-0.13736667687737403,-0.26333589651341377,0.49045440071593877,0.06818260102482274,-0.5822365956643314,-0.5590119688426902,-0.2635148006262484,NA,NA,0.08273959009256064,0.5592008771364967,-0.3618819777334136,-0.23759808328436757,0.11671905820095572
NER005009002,Bambeye,NER005009,NER005,NE,2670.4371564852872,admin3,Commune,NA,0.10402635674254523,-0.4065689090160963,NA,-0.13736667687737403,-0.26333589651341377,2.6468324270041985,1.191590951029749,0.0011357902658020696,-0.696447091478668,-0.2635148006262484,NA,NA,0.08273959009256064,0.5592008771364967,-0.3618819777334136,0.8771762017848634,0.4668456248096513
NER005009003,Barmou,NER005009,NER005,NE,800.6400376864664,admin3,Commune,NA,-0.7006386663499931,-0.7061780976097289,NA,-0.13736667687737403,-0.26333589651341377,-0.587734612428191,-0.5426182165809603,-0.3715370624931852,-0.694797832701402,-0.31246377895486716,NA,NA,0.08273959009256064,0.5592008771364967,-0.3618819777334136,-0.7877997142875286,0.3087981896166894
NER005009004,Kalfou,NER005009,NER005,NE,1093.207716302152,admin3,Commune,NA,-0.4222070884581495,-0.7256656950069597,NA,-0.13736667687737403,-0.26333589651341377,-0.587734612428191,1.12998116386094,0.23941453269046978,-0.8154942086682608,-0.31246377895486716,NA,NA,0.08273959009256064,0.5592008771364967,-0.3618819777334136,-0.7969804620021458,0.6641904254921734
NER005009005,Takanamat,NER005009,NER005,NE,1768.1334025204083,admin3,Commune,NA,-0.5976908594173067,-0.5437537797136572,NA,-0.13736667687737403,-0.26333589651341377,0.49045440071593877,-0.5393638497977096,-0.45037333737674695,0.027574655528501798,-0.31246377895486716,NA,NA,0.08273959009256064,0.5592008771364967,-0.3618819777334136,-0.2033378244247257,-0.08038265274684181
NER005009006,Tebaram,NER005009,NER005,NE,3314.5229606068906,admin3,Commune,NA,0.5047935520507477,0.8534800497021812,NA,-0.13736667687737403,-0.26333589651341377,-0.587734612428191,-0.3323723881237031,-0.15531566506681074,0.007713485556851893,-0.01876990898315458,NA,NA,0.08273959009256064,0.5592008771364967,-0.3618819777334136,-0.05303350993477357,-0.07007278972113075
NER005010001,Tassara,NER005010,NER005,NE,29523.740206389306,admin3,Commune,NA,-0.5825414575210093,-0.10966059252247269,NA,-0.13736667687737403,-0.26333589651341377,-0.587734612428191,-1.0319945615861306,-0.5089904851026296,0.9415481238552638,-0.2635148006262484,NA,NA,0.08273959009256064,0.5592008771364967,0.09672580360809109,-0.2907225803257934,-0.576587459973467
NER005011001,Kao,NER005011,NER005,NE,3525.7234025631924,admin3,Commune,NA,-0.6594005104393085,-0.7679935270637321,NA,-0.13736667687737403,-0.26333589651341377,-0.587734612428191,-0.007676622007815748,-0.7457106130844569,0.13812500647133763,-0.31246377895486716,NA,NA,0.08273959009256064,0.5592008771364967,-0.3487022669744228,-0.8107123522159706,-0.2775393685957214
NER005011002,Tchintabaraden,NER005011,NER005,NE,7470.890715172377,admin3,Commune,NA,-0.051177750694417226,-0.2845532544731662,NA,-0.13736667687737403,-0.26333589651341377,1.5686434138600687,0.36242222158583126,-0.0030842770268598636,0.12496742582677847,-0.36141275728348593,NA,NA,0.08273959009256064,0.5592008771364967,-0.3487022669744228,0.43292509166309384,0.1133532930729918
NER005012001,Tillia,NER005012,NER005,NE,17715.796662310895,admin3,Commune,NA,-0.16809274829019247,0.2890519058198828,NA,-0.13736667687737403,-0.26333589651341377,1.5686434138600687,-0.6660012399543854,-0.8797742987720986,0.7283711386991615,2.57552594243364,NA,NA,0.08273959009256064,0.5592008771364967,0.8609420236125974,1.273026772082968,-2.0321854013134435
NER005013001,Tahoua I,NER005013,NER005,NE,423.5691421070151,admin3,Commune,NA,-0.7204449448234156,-0.7900427026177262,NA,-0.13736667687737403,-0.26333589651341377,1.5686434138600687,-0.3028349339810207,0.7505206601972517,-1.0831783850883223,-0.36141275728348593,NA,NA,0.08273959009256064,0.5592008771364967,0.05565952558769831,0.3852831235975486,1.066258258442154
NER005013002,Tahoua II,NER005013,NER005,NE,333.38557066410533,admin3,Commune,NA,-0.46908166122298567,-0.7140417654902415,NA,-0.13736667687737403,-0.26333589651341377,1.5686434138600687,0.768313850130024,0.5995116356808875,-1.089766647544316,-0.16561684396901086,NA,NA,0.08273959009256064,0.5592008771364967,0.05565952558769831,0.42108771333835837,0.9010006896232876
NER006001001,Abala,NER006001,NER006,NE,6918.568355562443,admin3,Commune,NA,4.038094614125961,3.454370722022525,NA,-0.13736667687737403,-0.26333589651341377,0.49045440071593877,0.28948110299715313,-0.45968014442919525,0.5421861789348712,1.7923422891757397,NA,NA,0.964130896338026,0.8364135040107352,2.0747790823566903,3.243365875992931,-1.3572648124090383
NER006001002,Sanam,NER006001,NER006,NE,5567.555206565897,admin3,Commune,NA,-0.294693818694796,-0.4181919085999732,NA,-0.13736667687737403,-0.26333589651341377,1.5686434138600687,0.10242191072098414,-0.33754912646383034,0.816854624041177,1.0091586359178395,NA,NA,0.964130896338026,0.8364135040107352,2.0747790823566903,1.9269163065813308,-1.0509333781897872
NER006002001,Ayerou,NER006002,NER006,NE,1283.7195824930577,admin3,Commune,NA,0.10674462512499704,1.0403502670894293,NA,-0.13736667687737403,-0.26333589651341377,0.49045440071593877,-0.7884569880035773,-0.6726865931110424,0.030775712113372888,2.3797300291191648,NA,NA,0.964130896338026,0.8364135040107352,2.2612405034268703,2.193946745843111,-1.4976363777971888
NER006002002,Inatès,NER006002,NER006,NE,1804.98201150475,admin3,Commune,NA,-0.5975294572805606,-0.13073238636717172,NA,-0.13736667687737403,-0.26333589651341377,1.5686434138600687,-1.0468634579450409,-0.3395709007335172,0.7063415787326612,0.9112606792606018,NA,NA,0.964130896338026,0.8364135040107352,2.2612405034268703,2.150183881770274,-0.950681437388013
NER006003001,Tagazar,NER006003,NER006,NE,1413.3261869476542,admin3,Commune,NA,5.268714388599736,2.931737978212476,NA,NA,NA,-0.587734612428191,1.0902551027206016,-0.8152116417830961,-0.388266703612432,-0.36141275728348593,NA,NA,0.964130896338026,0.8364135040107352,-0.16169125678125748,1.4355898878394353,-0.03183174040743676
NER006004001,Banibangou,NER006004,NER006,NE,6522.95762211892,admin3,Commune,NA,1.0606579015727675,0.9883128180560052,NA,-0.13736667687737403,-0.26333589651341377,-0.587734612428191,0.06343520107855383,-0.3421121939221952,1.0377973598815249,4.239791205606678,NA,NA,0.964130896338026,0.8364135040107352,2.6694866271599436,1.8538166001374843,-2.7297253550740117
NER006005001,Bankilaré,NER006005,NER006,NE,1460.4447202752115,admin3,Commune,NA,-0.30383680680387654,-0.5438716913964884,NA,-0.13736667687737403,3.7619413787630536,2.6468324270041985,0.5206586236024426,-0.719815946521628,0.6042169384612134,0.6175668092888893,NA,NA,0.964130896338026,0.8364135040107352,1.6979583412359451,2.198127306791754,-0.9431167497633016
NER006006001,Filingué,NER006006,NER006,NE,4461.417575136008,admin3,Commune,NA,5.583319059029061,3.814565980505444,NA,-0.13736667687737403,-0.26333589651341377,1.5686434138600687,0.7057364219679826,-0.5370574283623769,0.020372336502595473,0.1280770260027017,NA,NA,0.964130896338026,0.8364135040107352,0.22656369117462938,3.050291479106615,-0.3329795211913087
NER006006002,Imanan,NER006006,NER006,NE,647.0800994324095,admin3,Commune,NA,1.4109086048177064,3.073705558761893,NA,-0.13736667687737403,-0.26333589651341377,1.5686434138600687,-0.6552550333814503,-0.8641158162663666,-0.11814406662812627,-0.31246377895486716,NA,NA,0.964130896338026,0.8364135040107352,0.22656369117462938,2.701266789960535,-0.2105730802871503
NER006006003,Kourfeye Centre,NER006006,NER006,NE,2384.4736153265076,admin3,Commune,NA,1.1003708937180476,1.0325151986179288,NA,-0.13736667687737403,-0.26333589651341377,-0.587734612428191,0.060618259102067786,-0.7324457479476586,0.2670750791613371,-0.21456582229762963,NA,NA,0.964130896338026,0.8364135040107352,0.22656369117462938,0.723762042445425,-0.38128570736400486
NER006006004,Tondikandia,NER006006,NER006,NE,3069.33885897038,admin3,Commune,NA,3.5366820590999626,1.7714940684087463,NA,-0.13736667687737403,-0.26333589651341377,-0.587734612428191,1.1375753011808474,-0.6550673679830022,-0.14905807998804346,0.03017906934546418,NA,NA,0.964130896338026,0.8364135040107352,0.22656369117462938,1.0719003188933216,-0.26044926888263686
NER006007001,Dargol,NER006007,NER006,NE,2430.4082402112795,admin3,Commune,NA,0.7702033409519693,-0.2510267668318492,NA,NA,NA,-0.587734612428191,2.1260044011235113,-0.4576973081197925,-0.05859902814856906,0.7644137442747456,NA,NA,0.964130896338026,0.8364135040107352,0.520859165502326,0.2577208841930132,-0.5651667961500024
NER006007002,Gothèye,NER006007,NER006,NE,1730.82693791869,admin3,Commune,NA,0.3712957633014137,-0.08960908135502835,NA,-0.13736667687737403,-0.26333589651341377,0.49045440071593877,0.7347849478316799,-0.4473602891670264,-0.31382150333519593,0.9112606792606018,NA,NA,0.964130896338026,0.8364135040107352,0.520859165502326,0.8417085422614027,-0.5075031061137502
NER006008001,Bitinkodji,NER006008,NER006,NE,712.3291321798702,admin3,Commune,NA,-0.336940125769978,0.3135028518428827,NA,NA,NA,-0.587734612428191,-0.9044262071512884,-0.2518180060024878,-0.8971119708990277,-0.36141275728348593,NA,NA,0.964130896338026,0.8364135040107352,-0.6457857380420313,-0.025939970083892528,0.48899985645260247
NER006008002,Diantchandou,NER006008,NER006,NE,1003.7005239659269,admin3,Commune,NA,-0.061647354893545225,0.5338296441659945,NA,NA,NA,-0.587734612428191,-0.6998402981488007,-0.3575235501733238,-0.48681932939773914,-0.36141275728348593,NA,NA,0.964130896338026,0.8364135040107352,-0.6457857380420313,0.07785757118596058,0.23835780433928577
NER006008003,Hamdallaye,NER006008,NER006,NE,1790.299805893128,admin3,Commune,NA,-0.3822447188481289,-0.4005987324918005,NA,NA,NA,-0.587734612428191,-0.19035773537956094,-0.6398589506122879,-0.5790217201610304,-0.36141275728348593,NA,NA,0.964130896338026,0.8364135040107352,-0.6457857380420313,-0.3623583778921721,0.14600219332581435
NER006008004,Karma,NER006008,NER006,NE,1176.8856072060432,admin3,Commune,NA,0.8379678948234658,0.32800485686178343,NA,NA,NA,-0.587734612428191,0.6062935745579122,-0.27113296487943567,-0.7510252927788917,-0.2635148006262484,NA,NA,0.964130896338026,0.8364135040107352,-0.6457857380420313,-0.019107970904067555,0.36110415389667255
NER006008005,Kirtachi,NER006008,NER006,NE,1132.4558690994897,admin3,Commune,NA,-0.04930012744364836,0.45202751413965336,NA,NA,NA,-0.587734612428191,-0.633015110474166,-0.6011093346841855,0.07798366074319657,-0.31246377895486716,NA,NA,0.964130896338026,0.8364135040107352,-0.6457857380420313,0.03931999762151141,-0.17808725250006788
NER006008006,Kollo,NER006008,NER006,NE,402.04350864644215,admin3,Commune,NA,-0.4968395517253812,-0.17591893449326068,NA,NA,NA,-0.587734612428191,-0.8083368316907111,-0.06578396893826752,-0.7226587004875216,-0.36141275728348593,NA,NA,0.964130896338026,0.8364135040107352,-0.6457857380420313,-0.2565101042466553,0.49462512258624375
NER006008007,Kouré,NER006008,NER006,NE,945.3096131541515,admin3,Commune,NA,-0.5423665138785896,-0.49112992485601087,NA,NA,NA,-0.587734612428191,-0.46723770626256905,-0.21387835733416263,-0.4777573827910341,-0.31246377895486716,NA,NA,0.964130896338026,0.8364135040107352,-0.6457857380420313,-0.4050082756942172,0.2799539750907033
NER006008008,Liboré,NER006008,NER006,NE,163.29736367520445,admin3,Commune,NA,-0.4852504317682957,0.06005649335666344,NA,NA,NA,-0.587734612428191,-0.9708959783027491,-0.653701135906899,-0.9821386666184058,-0.36141275728348593,NA,NA,0.964130896338026,0.8364135040107352,-0.6457857380420313,-0.14534037789306917,0.33508934068984303
NER006008009,N'Dounga,NER006008,NER006,NE,276.78755300937587,admin3,Commune,NA,-0.58719871221559,-0.05275444300087351,NA,NA,NA,-0.587734612428191,-1.0760871736498516,-0.35613389763518305,-0.8598640437321096,-0.36141275728348593,NA,NA,0.964130896338026,0.8364135040107352,-0.6457857380420313,-0.19848642381330434,0.42023634713383395
NER006008010,Namaro,NER006008,NER006,NE,1020.8856618591734,admin3,Commune,NA,0.32730622672252585,0.5115064600961045,NA,NA,NA,-0.587734612428191,-0.24321122285667882,-0.03641482491488421,-0.6290284074256053,-0.31246377895486716,NA,NA,0.964130896338026,0.8364135040107352,-0.6457857380420313,0.06734095813433087,0.43963419542561405
NER006008011,Youri,NER006008,NER006,NE,601.8923780564699,admin3,Commune,NA,-0.7674957203225443,-0.7323974733063952,NA,NA,NA,-0.587734612428191,-0.8390775232883946,-0.9747949493686965,-0.7024075117670667,-0.36141275728348593,NA,NA,0.964130896338026,0.8364135040107352,-0.6457857380420313,-0.5186711582392924,0.04324334742774249
NER006009001,Dingazi,NER006009,NER006,NE,3325.6771929809465,admin3,Commune,NA,0.4074959362509515,0.9990001165211525,NA,-0.13736667687737403,-0.26333589651341377,0.49045440071593877,-0.5107457255400196,-0.6916791456768375,0.5551906898986111,0.03017906934546418,NA,NA,0.964130896338026,0.8364135040107352,2.422543315690708,2.2504573100894896,-0.6203164411547523
NER006009002,Ouallam,NER006009,NER006,NE,1701.1462252695217,admin3,Commune,NA,-0.15108639356403025,-0.2707729704138844,NA,-0.13736667687737403,-0.26333589651341377,0.49045440071593877,0.09514871239326038,-0.0763771708267697,-0.06957772658862534,0.03017906934546418,NA,NA,0.964130896338026,0.8364135040107352,2.422543315690708,1.6522580488702596,-0.017962021545915117
NER006009003,Simiri,NER006009,NER006,NE,2519.2818816226545,admin3,Commune,NA,0.2931113726901786,-0.2312287708461222,NA,NA,NA,-0.587734612428191,0.9847041988943065,-0.49135574247634284,0.4449345871464744,-0.2635148006262484,NA,NA,0.964130896338026,0.8364135040107352,2.422543315690708,1.1629449845570958,-0.3267954110723761
NER006009004,Tondikiwindi,NER006009,NER006,NE,7090.086882125987,admin3,Commune,NA,1.5144586268179532,0.46188860044478103,NA,-0.13736667687737403,-0.26333589651341377,1.5686434138600687,1.2002619791324471,-0.22811569081832397,0.4111134156520634,2.8202708340767337,NA,NA,0.964130896338026,0.8364135040107352,2.422543315690708,2.505362822214935,-1.680424831833803
NER006010001,Ouro Guéladjo,NER006010,NER006,NE,865.601674350042,admin3,Commune,NA,-0.6853554828967986,-0.4833546019921797,NA,7.211750536062137,-0.26333589651341377,1.5686434138600687,-0.942660512074201,-0.7153294858947554,-0.26825290417352204,0.274923960988558,NA,NA,0.964130896338026,0.8364135040107352,0.5545060725535498,1.1800061096962329,-0.35070607354169714
NER006010002,Say,NER006010,NER006,NE,661.4591612208678,admin3,Commune,NA,0.5968123600813896,0.7402324162192208,NA,NA,NA,-0.587734612428191,-0.15711217311985104,-0.616498308818884,-0.4977013246388315,-0.21456582229762963,NA,NA,0.964130896338026,0.8364135040107352,0.5545060725535498,0.7405615367683255,0.04651895836228766
NER006010003,Tamou,NER006010,NER006,NE,4947.110927336589,admin3,Commune,NA,0.07973414679309843,-0.276371194775585,NA,-0.13736667687737403,-0.26333589651341377,1.5686434138600687,0.6453872638644037,-0.8063064437373119,0.1727518630869535,0.8623117009319831,NA,NA,0.964130896338026,0.8364135040107352,0.5545060725535498,1.277517485985106,-0.8944309694476364
NER006011001,Diagourou,NER006011,NER006,NE,1295.0626091606691,admin3,Commune,NA,-0.5093211729223411,-0.58773990991806,NA,-0.13736667687737403,-0.26333589651341377,0.49045440071593877,-0.07927098864520925,-0.6214416991989576,0.24237152127484307,0.32387293931717676,NA,NA,0.964130896338026,0.8364135040107352,1.3674642277056497,1.0058772675733647,-0.5769091919748521
NER006011002,Gorouol,NER006011,NER006,NE,3507.247145560437,admin3,Commune,NA,-0.23160150017135778,-0.33221675244408755,NA,-0.13736667687737403,-0.26333589651341377,0.49045440071593877,0.04586953751167168,-0.8521068301419329,0.958787057474539,1.9881382024902148,NA,NA,0.964130896338026,0.8364135040107352,1.3674642277056497,1.1262560703674072,-1.845349897632639
NER006011003,Kokorou,NER006011,NER006,NE,2216.320156849309,admin3,Commune,NA,-0.22805670304223075,-0.5472054210742133,NA,NA,NA,-0.587734612428191,0.8107688858838273,-0.7200133475588019,0.03159690238884204,0.8133627226033644,NA,NA,0.964130896338026,0.8364135040107352,1.3674642277056497,0.5170307356819718,-0.7601732878791632
NER006011004,Méhana,NER006011,NER006,NE,418.7812959842571,admin3,Commune,NA,-0.7164493416592914,-0.7104674087256555,NA,NA,NA,-0.587734612428191,-0.6145099696585027,0.574856926831107,-0.019658474404487893,-0.06771888731177335,NA,NA,0.964130896338026,0.8364135040107352,1.3674642277056497,0.44011683555040243,0.32167508659959515
NER006011005,Téra,NER006011,NER006,NE,2111.2670937759326,admin3,Commune,NA,-0.16363852466365622,-0.32021976293395255,NA,-0.13736667687737403,3.7619413787630536,0.49045440071593877,0.18527709300498627,-0.8524144688711112,-0.04961151794034316,1.498648419204027,NA,NA,0.964130896338026,0.8364135040107352,1.3674642277056497,1.1319079386702235,-1.1179118653260636
NER006012001,Anzourou,NER006012,NER006,NE,1714.8066878539103,admin3,Commune,NA,-0.7540126280361351,-0.6719102157465269,NA,-0.13736667687737403,-0.26333589651341377,0.49045440071593877,-0.9090896124541565,-0.38513575574281944,0.10078288257776152,1.4496994408754083,NA,NA,0.964130896338026,0.8364135040107352,0.4883804791669147,0.552081333781953,-0.9402112273813132
NER006012002,Bibiyergou,NER006012,NER006,NE,76.93940733884776,admin3,Commune,NA,-0.8618001448399062,0.5282646318680803,NA,NA,NA,-0.587734612428191,-1.5978686201554158,-0.8752649656989258,-0.12725620097100246,-0.36141275728348593,NA,NA,0.964130896338026,0.8364135040107352,0.4883804791669147,0.6095497403896166,-0.18778596385658466
NER006012003,Dessa,NER006012,NER006,NE,516.5317849327781,admin3,Commune,NA,0.4298577305505955,1.8045318795477867,NA,-0.13736667687737403,-0.26333589651341377,1.5686434138600687,-0.8194546294309887,-0.5414141534741694,-0.020060442614285967,1.1070565925750768,NA,NA,0.964130896338026,0.8364135040107352,0.4883804791669147,2.2266936915752615,-0.7909874714070264
NER006012004,Kourteye,NER006012,NER006,NE,1291.0831779754785,admin3,Commune,NA,1.4173111056424226,1.5591008383246339,NA,NA,NA,-0.587734612428191,-0.07145040630694438,-0.5793090379096346,-0.4263639168606665,-0.31246377895486716,NA,NA,0.964130896338026,0.8364135040107352,0.4883804791669147,1.0951841135584444,0.07748493091272626
NER006012005,Sakoïra,NER006012,NER006,NE,715.0765042999952,admin3,Commune,NA,-0.2262458445307585,0.7115486271873709,NA,-0.13736667687737403,-0.26333589651341377,0.49045440071593877,-0.9622800716847828,-0.5350908594674929,-0.21336658164983655,-0.11666786564039211,NA,NA,0.964130896338026,0.8364135040107352,0.4883804791669147,1.2038387747652717,-0.09960453616742267
NER006012006,Sinder,NER006012,NER006,NE,162.4667483552969,admin3,Commune,NA,0.9576873715815613,3.526907562540892,NA,NA,NA,-0.587734612428191,-0.9284453409170967,-0.02416038542599273,-0.31268706231154597,-0.2635148006262484,NA,NA,0.964130896338026,0.8364135040107352,0.4883804791669147,2.0222320568171623,0.26814979706759096
NER006012007,Tillabéri,NER006012,NER006,NE,740.2604297337346,admin3,Commune,NA,-0.26740137277460585,-0.11463963208384952,NA,-0.13736667687737403,-0.26333589651341377,0.49045440071593877,-0.42454104402614473,-0.5479287338161085,-0.43838186866680307,-0.16561684396901086,NA,NA,0.964130896338026,0.8364135040107352,0.4883804791669147,0.8146155258169098,0.02723555032468859
NER006013001,Makalondi,NER006013,NER006,NE,1244.4115057352378,admin3,Commune,NA,0.3375776253525662,0.1358572091141471,NA,-0.13736667687737403,-0.26333589651341377,-0.587734612428191,0.22393562763021038,-0.1074215124303775,-0.31635496393589974,2.0860361591474526,NA,NA,0.964130896338026,0.8364135040107352,2.045755782253609,1.1583745127285217,-0.9117878468080298
NER006013002,Torodi,NER006013,NER006,NE,5732.377704895318,admin3,Commune,NA,0.13716449852574478,-0.37569666205015945,NA,-0.13736667687737403,-0.26333589651341377,-0.587734612428191,1.1467193666840494,-0.8785417536929708,-0.1712525425162489,4.53348507557839,NA,NA,0.964130896338026,0.8364135040107352,2.045755782253609,0.9173777937454697,-2.545664807297725
NER007001001,Tarka,NER007001,NER007,NE,9168.896363988291,admin3,Commune,NA,1.2315939278547126,0.4612316829022596,NA,-0.13736667687737403,-0.26333589651341377,0.49045440071593877,0.868540742133731,-0.6790849364307999,1.0869976625442515,-0.31246377895486716,NA,NA,0.2760169439059652,0.8547761406275006,-0.7883812150153343,0.16024556510533092,-0.7060838858683592
NER007002001,Albarkaram,NER007002,NER007,NE,205.30856933107972,admin3,Commune,NA,-0.8170644159694556,-0.6966426564326696,NA,-0.13736667687737403,-0.26333589651341377,0.49045440071593877,-1.1858672148655198,0.10109351464002758,-0.34348502017469573,-0.36141275728348593,NA,NA,0.2760169439059652,0.8547761406275006,-0.46608159040157504,-0.23339971071806925,0.39150391812680385
NER007002002,Damagaram Takaya,NER007002,NER007,NE,1824.2981835153566,admin3,Commune,NA,-0.7060042070612164,-0.8138906936318616,NA,-0.13736667687737403,-0.26333589651341377,1.5686434138600687,-0.038351409024655156,-0.6088979074007547,0.38226718365443985,-0.36141275728348593,NA,NA,0.2760169439059652,0.8547761406275006,-0.46608159040157504,0.21930651514239194,-0.30589723305730293
NER007002003,Guidimouni,NER007002,NER007,NE,953.5334521302785,admin3,Commune,NA,-0.6480969051723596,-0.7822761901097247,NA,7.211750536062137,-0.26333589651341377,3.725021440148328,0.16629359418218467,-0.2868888211288115,0.19698035703640374,-0.36141275728348593,NA,NA,0.2760169439059652,0.8547761406275006,-0.46608159040157504,1.250085579805885,-0.059482241365382264
NER007002004,Mazamni,NER007002,NER007,NE,120.43789639113623,admin3,Commune,NA,-0.8236901681432921,-0.7840180786037626,NA,-0.13736667687737403,3.7619413787630536,2.6468324270041985,-1.0701135866986324,0.4503394445443273,0.3713676431072063,-0.36141275728348593,NA,NA,0.2760169439059652,0.8547761406275006,-0.46608159040157504,0.7413223415747854,0.21391332873190996
NER007002005,Moa,NER007002,NER007,NE,942.3520221490097,admin3,Commune,NA,-0.736242350010583,-0.6049444901769266,NA,-0.13736667687737403,-0.26333589651341377,0.49045440071593877,-0.9516855378716373,-0.36230882359171024,0.39388812190533645,-0.36141275728348593,NA,NA,0.2760169439059652,0.8547761406275006,-0.46608159040157504,-0.1902000430973379,-0.1917633081342096
NER007002006,Wamé,NER007002,NER007,NE,1131.5575983403915,admin3,Commune,NA,-0.7218618589629702,-0.7477530630958197,NA,-0.13736667687737403,-0.26333589651341377,1.5686434138600687,-0.5122430861297671,0.031552740378964904,0.20417474861501705,-0.36141275728348593,NA,NA,0.2760169439059652,0.8547761406275006,-0.46608159040157504,0.250464429995469,0.09170361849164783
NER007003001,Dogo-Dogo,NER007003,NER007,NE,521.1957536378858,admin3,Commune,NA,2.3820824749665226,2.3524491038773556,NA,NA,NA,-0.587734612428191,0.06016976743350364,-0.5690361079552029,0.021753694193400976,-0.31246377895486716,NA,NA,0.2760169439059652,0.8547761406275006,-0.5672493469850837,0.647445931350064,-0.135194672281549
NER007003002,Dungass,NER007003,NER007,NE,1414.9487122303995,admin3,Commune,NA,0.8755340440896159,-0.09197060611111096,NA,NA,NA,-0.587734612428191,1.6840492751632175,-0.6785605718989735,0.18873942583500697,-0.36141275728348593,NA,NA,0.2760169439059652,0.8547761406275006,-0.5672493469850837,-0.5041378277248644,-0.24573074015617535
NER007003003,Gouchi,NER007003,NER007,NE,1228.8270281571647,admin3,Commune,NA,-0.4359953395367914,-0.5899320634774742,NA,NA,NA,-0.587734612428191,0.22058066591085967,-0.6768929311673375,0.273229925923602,-0.36141275728348593,NA,NA,0.2760169439059652,0.8547761406275006,-0.5672493469850837,-0.7387310625139472,-0.28596129136263143
NER007003004,Mallawa,NER007003,NER007,NE,1120.3932824296442,admin3,Commune,NA,3.1043268595316253,2.005977698412231,NA,NA,NA,-0.587734612428191,0.6725727261090197,-0.9079856586000997,0.8550312283424488,-0.36141275728348593,NA,NA,0.2760169439059652,0.8547761406275006,-0.5672493469850837,0.4842207528395436,-0.6808181599527371
NER007004001,Alakoss,NER007004,NER007,NE,3150.3700179744224,admin3,Commune,NA,-0.883183751532707,-0.9555317763710816,NA,-0.13736667687737403,-0.26333589651341377,0.49045440071593877,-1.145735191438981,-0.28222388042916985,1.2291484505184926,-0.36141275728348593,NA,NA,0.2760169439059652,0.8547761406275006,-0.026719340091442022,-0.14837751709221814,-0.5585838000866341
NER007004002,Bouné,NER007004,NER007,NE,3887.477714639449,admin3,Commune,NA,0.06610708178408523,-0.1531532041431314,NA,-0.13736667687737403,-0.26333589651341377,2.6468324270041985,0.29643903764643664,-1.1023505876388466,0.7019074543534066,-0.36141275728348593,NA,NA,0.2760169439059652,0.8547761406275006,-0.026719340091442022,1.2455140605219723,-0.7008507259969704
NER007004003,Gamou,NER007004,NER007,NE,539.8192105799751,admin3,Commune,NA,-0.7419412462728683,-0.5582582725866394,NA,-0.13736667687737403,-0.26333589651341377,0.49045440071593877,-1.0414584310187673,0.5896616585039421,0.5090690347081431,-0.36141275728348593,NA,NA,0.2760169439059652,0.8547761406275006,-0.026719340091442022,0.03878089641571183,0.21470063041895185
NER007004004,Gouré,NER007004,NER007,NE,4191.92942024879,admin3,Commune,NA,-0.26030623279367016,-0.44229398183062196,NA,-0.13736667687737403,-0.26333589651341377,2.6468324270041985,0.27663403715929263,-0.8299125388951736,-0.012085197477312001,-0.36141275728348593,NA,NA,0.2760169439059652,0.8547761406275006,-0.026719340091442022,1.1092977543325662,-0.22169978724416653
NER007004005,Guidiguir,NER007004,NER007,NE,2184.193603402092,admin3,Commune,NA,-0.09657453240935307,-0.16272024039439564,NA,-0.13736667687737403,-0.26333589651341377,2.6468324270041985,-0.011282148828933072,-0.7342098971349322,0.10528683844125884,-0.36141275728348593,NA,NA,0.2760169439059652,0.8547761406275006,-0.026719340091442022,1.2410069607287502,-0.23222552468028057
NER007004006,Kellé,NER007004,NER007,NE,6767.240302416766,admin3,Commune,NA,-0.6757246692532619,-0.8236270802157395,NA,-0.13736667687737403,-0.26333589651341377,0.49045440071593877,0.2937395746644369,-0.47985519958441947,0.6096654263536504,-0.36141275728348593,NA,NA,0.2760169439059652,0.8547761406275006,-0.026719340091442022,-0.0862362631915442,-0.353672658987601
NER007005001,Dan Barto,NER007005,NER007,NE,197.89354938157814,admin3,Commune,NA,-0.7472923284928146,-0.7715179372162752,NA,NA,NA,-0.587734612428191,-0.5805582564862829,-0.4726196035897522,-0.30833909063154913,-0.31246377895486716,NA,NA,0.2760169439059652,0.8547761406275006,-0.9509994100933208,-1.0050649006163779,0.07197885362693394
NER007005002,Daouché,NER007005,NER007,NE,155.20196139689236,admin3,Commune,NA,-0.5349170238250116,-0.369881493827512,NA,NA,NA,-0.587734612428191,-0.6636815973446558,2.2574568728920115,-0.23116142751053345,-0.36141275728348593,NA,NA,0.2760169439059652,0.8547761406275006,-0.9509994100933208,-0.8158510747872206,1.3843801252026442
NER007005003,Doungou,NER007005,NER007,NE,241.3503556761294,admin3,Commune,NA,-0.5508009818983168,-0.4199408389829997,NA,NA,NA,-0.587734612428191,-0.6288490045380544,-0.6358075567949902,-0.36867745674094277,-0.36141275728348593,NA,NA,0.2760169439059652,0.8547761406275006,-0.9509994100933208,-0.8394343934110333,0.04579705770845211
NER007005004,Ichirnawa,NER007005,NER007,NE,395.48443328354324,admin3,Commune,NA,-0.6476807779097156,-0.6247741066520645,NA,NA,NA,-0.587734612428191,-0.5347697542639315,-0.857181946199501,-0.1432435305588414,-0.36141275728348593,NA,NA,0.2760169439059652,0.8547761406275006,-0.9509994100933208,-0.9359328234482611,-0.17123656029555162
NER007005005,Kantché,NER007005,NER007,NE,329.1172974623187,admin3,Commune,NA,-0.28101316904065154,-0.286819712914271,NA,NA,NA,-0.587734612428191,-0.17399864351450398,-0.2826592933539472,-0.3746567338616891,-0.36141275728348593,NA,NA,0.2760169439059652,0.8547761406275006,-0.9509994100933208,-0.7767200706030088,0.2202404302555233
NER007005006,Kourni,NER007005,NER007,NE,160.03340023287637,admin3,Commune,NA,-0.7565233279410758,-0.6845415960331566,NA,NA,NA,-0.587734612428191,-0.894942828827659,-0.0430403928650999,-0.19953376902408523,-0.36141275728348593,NA,NA,0.2760169439059652,0.8547761406275006,-0.9509994100933208,-0.9640897188499405,0.25156882270624387
NER007005007,Matamey,NER007005,NER007,NE,257.346595622921,admin3,Commune,NA,-0.35393956634838136,-0.45992726793353617,NA,NA,NA,-0.587734612428191,0.04797820033299411,-0.08446761368580842,-0.4845332517846198,-0.36141275728348593,NA,NA,0.2760169439059652,0.8547761406275006,-0.9509994100933208,-0.8582722885460953,0.369882129352776
NER007005008,Tsaouni,NER007005,NER007,NE,171.74414033816927,admin3,Commune,NA,-0.5977760258727741,-0.48401973223728495,NA,NA,NA,-0.587734612428191,-0.6605244203092591,0.2035293084926031,-0.42865617321947,-0.36141275728348593,NA,NA,0.2760169439059652,0.8547761406275006,-0.9509994100933208,-0.8696224222792341,0.4826325140535822
NER007005009,Yaouri,NER007005,NER007,NE,288.09183281336067,admin3,Commune,NA,-0.4702703544697181,-0.4543192631144197,NA,NA,NA,-0.587734612428191,-0.3228754599885116,-0.4960916367925023,-0.21021740321269172,-0.36141275728348593,NA,NA,0.2760169439059652,0.8547761406275006,-0.9509994100933208,-0.855630317020453,0.03669224257065524
NER007006001,Bandé,NER007006,NER007,NE,855.7742678109688,admin3,Commune,NA,-0.13174968295363798,-0.5747571113280846,NA,NA,NA,-0.587734612428191,1.3300019214297405,-0.4879688321620274,-0.3665542998277054,-0.31246377895486716,NA,NA,0.2760169439059652,0.8547761406275006,-0.7161736590439982,-0.8017413508163612,0.09280066588858824
NER007006002,Dantchiao,NER007006,NER007,NE,484.53960176885533,admin3,Commune,NA,1.2955339497023375,1.0598812202495236,NA,NA,NA,-0.587734612428191,0.2022356398841791,-0.38954532110886425,-0.09941862006130607,-0.36141275728348593,NA,NA,0.2760169439059652,0.8547761406275006,-0.7161736590439982,-0.03165144075955145,0.03462664001185353
NER007006003,Kwaya,NER007006,NER007,NE,217.26762720093708,admin3,Commune,NA,-0.7021384242235023,-0.6106351936725014,NA,NA,NA,-0.587734612428191,-0.7997522811811765,-0.586387324544754,-0.08617278827555863,-0.36141275728348593,NA,NA,0.2760169439059652,0.8547761406275006,-0.7161736590439982,-0.8186437742282466,-0.06742187024677489
NER007006004,Magaria,NER007006,NER007,NE,646.6206801770574,admin3,Commune,NA,1.5535324924297724,0.23549728833540512,NA,NA,NA,-0.587734612428191,1.7632968023834485,-0.29678437014075604,-0.3937384492362654,-0.36141275728348593,NA,NA,0.2760169439059652,0.8547761406275006,-0.7161736590439982,-0.4200246580738193,0.2226480783863086
NER007006005,Sassoumbroum,NER007006,NER007,NE,387.1002239628128,admin3,Commune,NA,-0.4781153913930015,-0.6631168985583223,NA,NA,NA,-0.587734612428191,0.3908715762010799,-0.27572787493643297,0.15055990703105393,-0.36141275728348593,NA,NA,0.2760169439059652,0.8547761406275006,-0.7161736590439982,-0.8433682839955811,-0.031512531960785364
NER007006006,Wacha,NER007006,NER007,NE,992.2810196556368,admin3,Commune,NA,-0.22907992488817142,-0.5439204806693796,NA,NA,NA,-0.587734612428191,0.7905057456947556,-0.3289100910087883,-0.35082414595645994,-0.36141275728348593,NA,NA,0.2760169439059652,0.8547761406275006,-0.7161736590439982,-0.7872139916619366,0.1861979780462311
NER007006007,Yékoua,NER007006,NER007,NE,323.0329193099706,admin3,Commune,NA,-0.3990144080582947,-0.43849665065232935,NA,NA,NA,-0.587734612428191,-0.1469496725654142,-0.16327296894461124,0.052429184653884624,-0.36141275728348593,NA,NA,0.2760169439059652,0.8547761406275006,-0.7161736590439982,-0.7375480648282491,0.07077777739606704
NER007007001,Dogo,NER007007,NER007,NE,907.7654370466415,admin3,Commune,NA,0.2035594749620045,-0.37286526484200394,NA,NA,NA,-0.587734612428191,1.3119249120945873,-0.43159508780718236,-0.6008916236706517,-0.36141275728348593,NA,NA,0.2760169439059652,0.8547761406275006,-0.5925072333932484,-0.6483685002811972,0.25778785663111403
NER007007002,Droum,NER007007,NER007,NE,748.4176406553474,admin3,Commune,NA,-0.34166641390858865,-0.6593506052207259,NA,NA,NA,-0.587734612428191,1.0152484536950501,-0.6077299416498316,-0.08197590441455786,-0.36141275728348593,NA,NA,0.2760169439059652,0.8547761406275006,-0.5925072333932484,-0.783333810798492,-0.07982748156447715
NER007007003,Gaffati,NER007007,NER007,NE,435.18594837129973,admin3,Commune,NA,-0.510388832572107,-0.4584549303768122,NA,-0.13736667687737403,3.7619413787630536,4.803210453292459,-0.43641082083740923,-0.07750539101526938,-0.763103603935557,-0.36141275728348593,NA,NA,0.2760169439059652,0.8547761406275006,-0.5925072333932484,1.8510227008326694,0.5085773272927329
NER007007004,Gouna,NER007007,NER007,NE,529.7448165160669,admin3,Commune,NA,0.42640008049217926,0.38032121322091506,NA,NA,NA,-0.587734612428191,0.010538864982674038,-0.32471355954989817,-0.465196225975166,-0.36141275728348593,NA,NA,0.2760169439059652,0.8547761406275006,-0.5925072333932484,-0.2935369170846297,0.2437917466333456
NER007007005,Hamdara,NER007007,NER007,NE,364.2654959739485,admin3,Commune,NA,-0.778754599696178,-0.8166085826192211,NA,NA,NA,-0.587734612428191,-0.6142227987830917,-0.5202392291847154,-0.5491282490599798,-0.36141275728348593,NA,NA,0.2760169439059652,0.8547761406275006,-0.5925072333932484,-0.8574191783878139,0.18958601229017533
NER007007006,Kolleram,NER007007,NER007,NE,121.29413428564033,admin3,Commune,NA,-0.6212383940464112,-0.3857932870191692,NA,NA,NA,-0.587734612428191,-0.8744767961722644,0.9009887066520682,-0.9015303715363169,-0.36141275728348593,NA,NA,0.2760169439059652,0.8547761406275006,-0.5925072333932484,-0.6544589847897901,1.0511128351537262
NER007007007,Mirriah,NER007007,NER007,NE,342.3238868773364,admin3,Commune,NA,0.5062327030978081,0.15647386094984725,NA,NA,NA,-0.587734612428191,0.44095338232881454,0.4697633143383365,-0.7885100524336882,-0.31246377895486716,NA,NA,0.2760169439059652,0.8547761406275006,-0.5925072333932484,-0.3989930195427882,0.7629731895719534
NER007007008,Zermou,NER007007,NER007,NE,240.34473960637447,admin3,Commune,NA,-0.7434284362423783,-0.6968451368642067,NA,-0.13736667687737403,3.7619413787630536,1.5686434138600687,-0.7984265988321638,-0.3497803762341526,-0.513143583935223,-0.36141275728348593,NA,NA,0.2760169439059652,0.8547761406275006,-0.5925072333932484,0.21488748885563658,0.25490578923673296
NER007008001,Dakoussa,NER007008,NER007,NE,888.6579236867526,admin3,Commune,NA,-0.6145457871053124,-0.7140142564908696,NA,-0.13736667687737403,-0.26333589651341377,1.5686434138600687,-0.038149793503924494,0.05279152292328486,-0.8180191297761086,-0.36141275728348593,NA,NA,0.2760169439059652,0.8547761406275006,-0.6802367336490374,0.1654689923051502,0.5985428102579126
NER007008002,Garagoumsa,NER007008,NER007,NE,630.5944620616982,admin3,Commune,NA,-0.1886103377199022,-0.3326388679211864,NA,NA,NA,-0.587734612428191,0.15503433924685545,-0.6927473725635661,-0.23630779805503202,-0.36141275728348593,NA,NA,0.2760169439059652,0.8547761406275006,-0.6802367336490374,-0.6707475549429964,-0.04615852756160155
NER007008003,Tirmini,NER007008,NER007,NE,1852.0346249604268,admin3,Commune,NA,-0.1360059891005765,-0.5845994710756883,NA,-0.13736667687737403,-0.26333589651341377,1.5686434138600687,1.378882263638019,-0.7307681275610165,0.06978225019815756,-0.36141275728348593,NA,NA,0.2760169439059652,0.8547761406275006,-0.6802367336490374,0.22643723129426915,-0.21330763830654947
NER007009001,Falenko,NER007009,NER007,NE,88.0109198435039,admin3,Commune,NA,-0.8194162705318734,-0.6182555505175316,NA,-0.13736667687737403,-0.26333589651341377,1.5686434138600687,-1.283311074892357,2.558260980537748,2.1765574433448824,-0.36141275728348593,NA,NA,0.2760169439059652,0.8547761406275006,-0.5808762030292112,0.25739107222686974,0.36096288354925987
NER007009002,Gangara,NER007009,NER007,NE,4273.910612339662,admin3,Commune,NA,-9.714589894605408e-4,-0.49218179548744195,NA,-0.13736667687737403,-0.26333589651341377,0.49045440071593877,1.3002158885451016,-0.1350344679161453,0.5355906593672013,-0.36141275728348593,NA,NA,0.2760169439059652,0.8547761406275006,-0.5808762030292112,-0.19115729429597075,-0.1501974718276108
NER007009003,Olléléwa,NER007009,NER007,NE,2496.2027576209784,admin3,Commune,NA,0.2750779789323339,-0.35078747126159027,NA,-0.13736667687737403,-0.26333589651341377,0.49045440071593877,1.4006039594591184,0.11156419174683568,-0.21508986879520636,-0.36141275728348593,NA,NA,0.2760169439059652,0.8547761406275006,-0.5808762030292112,-0.12454540815443996,0.3342230341105375
NER007009004,Tanout,NER007009,NER007,NE,6509.696794133639,admin3,Commune,NA,0.15038442106308184,-0.5701206287698856,NA,-0.13736667687737403,-0.26333589651341377,0.49045440071593877,2.375504246500508,0.18677825566423162,-0.0604526518538444,-0.2635148006262484,NA,NA,0.2760169439059652,0.8547761406275006,-0.5808762030292112,-0.22787484089509144,0.2480907025489144
NER007009005,Tenhya,NER007009,NER007,NE,10926.482636135566,admin3,Commune,NA,-0.47263121182869694,-0.0921740014275781,NA,-0.13736667687737403,-0.26333589651341377,0.49045440071593877,-0.8377817782193778,0.5729506396673295,1.8164925541365418,-0.36141275728348593,NA,NA,0.2760169439059652,0.8547761406275006,-0.5808762030292112,-0.0027107369145048473,-0.42848728605125636
NER007010001,Tesker,NER007010,NER007,NE,69305.78080389336,admin3,Commune,NA,-0.8325058370764049,-0.8999873869600744,NA,-0.13736667687737403,-0.26333589651341377,-0.587734612428191,-0.6781657074317707,-0.9228935037603541,1.667746829495167,-0.36141275728348593,NA,NA,0.2760169439059652,0.8547761406275006,-0.27949395661942716,-0.7492367218739149,-1.0828297265065554
NER007011001,Zinder I,NER007011,NER007,NE,108.9690699773333,admin3,Commune,NA,-0.4436956475025597,-0.6652372090451223,NA,NA,NA,-0.587734612428191,0.5680117388823995,1.3072453482555946,-1.0851416432766454,-0.36141275728348593,NA,NA,0.2760169439059652,0.8547761406275006,-0.5536979820104568,-0.7678237140343914,1.3376365253169467
NER007011002,Zinder II,NER007011,NER007,NE,60.63375624381095,admin3,Commune,NA,-0.1924229860523131,-0.3344428996273788,NA,NA,NA,-0.587734612428191,0.15008447248279436,2.3060586003741412,-1.0803451988534427,-0.36141275728348593,NA,NA,0.2760169439059652,0.8547761406275006,-0.5536979820104568,-0.6119841285641543,1.8204723558177134
NER007011003,Zinder III,NER007011,NER007,NE,71.18176707382416,admin3,Commune,NA,-0.6993005806971269,-0.783015099759194,NA,NA,NA,-0.587734612428191,-0.1911002083000279,2.484364231081165,-1.0890874318022714,-0.36141275728348593,NA,NA,0.2760169439059652,0.8547761406275006,-0.5536979820104568,-0.823309727982899,1.9113293814660643
NER007011004,Zinder IV,NER007011,NER007,NE,70.538755190251,admin3,Commune,NA,-0.635434939954689,-0.8073140303964129,NA,NA,NA,-0.587734612428191,0.46870339640804526,1.298801521774777,-1.0907463466912333,-0.36141275728348593,NA,NA,0.2760169439059652,0.8547761406275006,-0.5536979820104568,-0.8347571294951547,1.3362574436626282
NER007011005,Zinder V,NER007011,NER007,NE,216.58287578402556,admin3,Commune,NA,-0.5838740514679732,-0.36415039986511805,NA,NA,NA,-0.587734612428191,-0.8010950604128408,-0.2856782255221107,-0.9178019525706582,-0.36141275728348593,NA,NA,0.2760169439059652,0.8547761406275006,-0.5536979820104568,-0.6259795462318741,0.4826025172124626
NER008001001,Niamey I,NER008001,NER008,NE,134.20770238640236,admin3,Commune,NA,0.1636762939505347,-0.6630983650246163,NA,NA,NA,-0.587734612428191,3.455573204987582,0.4560309629346602,-1.0541148860236325,-0.31246377895486716,NA,NA,-1.8215080735328801,-1.2585131688285207,-0.43787101043905075,-1.700408334285638,0.8853182627892359
NER008001002,Niamey II,NER008001,NER008,NE,54.97980168447591,admin3,Commune,NA,0.3382939598693344,-0.6630383179873124,NA,NA,NA,-0.587734612428191,4.288471466857908,3.906030348764346,-1.0669817195238382,-0.36141275728348593,NA,NA,-1.8215080735328801,-1.2585131688285207,-0.43787101043905075,-1.7003800456931932,2.59115481846884
NER008001003,Niamey III,NER008001,NER008,NE,104.8537350354616,admin3,Commune,NA,-0.49634032865047883,-0.8491903869470838,NA,NA,NA,-0.587734612428191,2.300447370948328,2.0028033048641176,-1.080287315008629,0.1280770260027017,NA,NA,-1.8215080735328801,-1.2585131688285207,-0.43787101043905075,-1.7880776282549375,1.4353745647876346
NER008001004,Niamey IV,NER008001,NER008,NE,96.67936509939081,admin3,Commune,NA,1.881159383983955,-0.2926497872279568,NA,NA,NA,-0.587734612428191,4.981856328633607,1.456274939928714,-1.0521289183947298,-0.36141275728348593,NA,NA,-1.8215080735328801,-1.2585131688285207,-0.43787101043905075,-1.525887336921789,1.3939908040329223
NER008001005,Niamey V,NER008001,NER008,NE,173.43439317231488,admin3,Commune,NA,5.9825615407116874,2.7530949570806795,NA,NA,NA,-0.587734612428191,1.55079858378432,1.0906339943677077,-1.0587585157850004,-0.21456582229762963,NA,NA,-1.8215080735328801,-1.2585131688285207,-0.43787101043905075,-0.0910150163045594,1.148274129654048
